Workbook

Sheet PORTADA
B3: PROYECTO LA CALERA II
B7: TRACKER DE SEGUIMIENTO DE SUMINISTROS
B9: ESPECIALIDADES: INSTRUMENTACIÓN & CONTROL · ELECTRICIDAD
B12: Fecha de emisión del Plan | G12: 06-May-2026
B14: Revisión | G14: Rev. 0
B16: Proyecto | G16: La Calera II – CPF2
B18: RFSU Planificado | G18: 03-Feb-2027
B20: Actualizado por
B22: Fecha de actualización
B26: LEYENDA – ESTADO GENERAL
B28: 🟢 COMPLETADO | E28: Hito/etapa finalizada en tiempo o antes
B30: 🟡 EN PROCESO | E30: Actividad en curso dentro de plazo
B32: 🔴 ATRASADO | E32: Fecha prog. superada sin completar
B34: ⚪ PENDIENTE | E34: No iniciado, dentro de plazo programado
B36: 🔵 NO APLICA | E36: Ítem no requiere esta etapa

Sheet DASHBOARD
A1: DASHBOARD · SEGUIMIENTO DE SUMINISTROS · PROYECTO LA CALERA II
A3: Fecha de referencia: 19 May 2026 | E3: RFSU Planificado: 03-Feb-2027 | Hito Ing. 80%: 01-Jun-2026
A5: IN – Estado General | F5: IN – OC Emitidas | K5: EL – Estado General | P5: EL – OC Emitidas
A6: Total ítems | D6: =COUNTA('IN – Instrumentación'!C5:C19) -> 15 | F6: Total ítems | I6: =COUNTA('IN – Instrumentación'!C5:C19) -> 15 | K6: Total ítems | N6: =COUNTA('EL – Electricidad'!C5:C14) -> 10 | P6: Total ítems | S6: =COUNTA('EL – Electricidad'!C5:C14) -> 10
A7: 🟢 Completados | D7: =COUNTIF('IN – Instrumentación'!AN5:AN19,"🟢 COMPLETADO") -> 0 | F7: 🟢 Completados | I7: =COUNTIF('IN – Instrumentación'!AG5:AG19,"EMITIDA") -> 0 | K7: 🟢 Completados | N7: =COUNTIF('EL – Electricidad'!AN5:AN14,"🟢 COMPLETADO") -> 0 | P7: 🟢 Completados | S7: =COUNTIF('EL – Electricidad'!AG5:AG14,"EMITIDA") -> 2
A8: 🔴 Atrasados | D8: =COUNTIF('IN – Instrumentación'!AN5:AN19,"🔴 ATRASADO") -> 3 | F8: 🔴 Atrasados | I8: =COUNTIF('IN – Instrumentación'!AG5:AG19,"ATRASADO") -> 0 | K8: 🔴 Atrasados | N8: =COUNTIF('EL – Electricidad'!AN5:AN14,"🔴 ATRASADO") -> 6 | P8: 🔴 Atrasados | S8: =COUNTIF('EL – Electricidad'!AG5:AG14,"ATRASADO") -> 0
A11: RESUMEN ETAPAS – IN INSTRUMENTACIÓN & CONTROL
A12: N° | B12: Descripción | C12: Estado RI | D12: Estado SOLP | E12: Estado Rec.Of | F12: Estado AT | G12: Estado OC | H12: Estado Entrega | I12: Estado General | J12: Observaciones
A13: ='IN – Instrumentación'!A5 -> 1 | B13: ='IN – Instrumentación'!C5 -> Válvulas de control, shutdown y motorizadas | C13: ='IN – Instrumentación'!H5 -> COMPLETADO | D13: ='IN – Instrumentación'!O5 -> EN PROCESO | E13: ='IN – Instrumentación'!T5 -> PENDIENTE | F13: ='IN – Instrumentación'!Z5 -> PENDIENTE | G13: ='IN – Instrumentación'!AG5 -> PENDIENTE | H13: ='IN – Instrumentación'!AM5 -> PENDIENTE | I13: ='IN – Instrumentación'!AN5 -> 🟡 EN PROCESO | J13: ='IN – Instrumentación'!AS5 -> RI-001 (Val.Control/Autoreg.) emitida 23-Abr. RI-003 (Blowdown/Shutdown) emitida 19-Mar. Rec.Ofertas en curso fc May-26. AT fc Ago-26.
A14: ='IN – Instrumentación'!A6 -> 2 | B14: ='IN – Instrumentación'!C6 -> Válvulas de seguridad (PSV) | C14: ='IN – Instrumentación'!H6 -> COMPLETADO | D14: ='IN – Instrumentación'!O6 -> EMITIDA | E14: ='IN – Instrumentación'!T6 -> COMPLETADA | F14: ='IN – Instrumentación'!Z6 -> PENDIENTE | G14: ='IN – Instrumentación'!AG6 -> PENDIENTE | H14: ='IN – Instrumentación'!AM6 -> PENDIENTE | I14: ='IN – Instrumentación'!AN6 -> 🟡 EN PROCESO | J14: ='IN – Instrumentación'!AS6 -> RI emitida 30-Mar. Rec.Ofertas completada 30-Abr. AT pendiente fc Jul. OC fc Ene-27.
A15: ='IN – Instrumentación'!A7 -> 3 | B15: ='IN – Instrumentación'!C7 -> Instrumentos comunes | C15: ='IN – Instrumentación'!H7 -> COMPLETADO | D15: ='IN – Instrumentación'!O7 -> EN PROCESO | E15: ='IN – Instrumentación'!T7 -> PENDIENTE | F15: ='IN – Instrumentación'!Z7 -> PENDIENTE | G15: ='IN – Instrumentación'!AG7 -> PENDIENTE | H15: ='IN – Instrumentación'!AM7 -> PENDIENTE | I15: ='IN – Instrumentación'!AN7 -> 🟡 EN PROCESO | J15: ='IN – Instrumentación'!AS7 -> RIs emitidas 10-24 Abr (T.Pres, T.Pres.Dif, T.Nivel, T.Temp, Manóm, Ind.Nivel). SOLP en proceso. Rec.Of fc May-Jun 26.
A16: ='IN – Instrumentación'!A8 -> 4 | B16: ='IN – Instrumentación'!C8 -> Transmisores (P, DP, T, N) | C16: ='IN – Instrumentación'!H8 -> COMPLETADO | D16: ='IN – Instrumentación'!O8 -> EN PROCESO | E16: ='IN – Instrumentación'!T8 -> PENDIENTE | F16: ='IN – Instrumentación'!Z8 -> PENDIENTE | G16: ='IN – Instrumentación'!AG8 -> PENDIENTE | H16: ='IN – Instrumentación'!AM8 -> PENDIENTE | I16: ='IN – Instrumentación'!AN8 -> 🟡 EN PROCESO | J16: ='IN – Instrumentación'!AS8 -> RIs completadas (P, DP, T, Nivel Radar, Caudal Mag/Coriolis/Ultrasónico). SOLP/Rec.Ofertas fc May-Jun.
A17: ='IN – Instrumentación'!A9 -> 5 | B17: ='IN – Instrumentación'!C9 -> Medidores de caudal (MV, Coriolis, DP) | C17: ='IN – Instrumentación'!H9 -> COMPLETADO | D17: ='IN – Instrumentación'!O9 -> EMITIDA | E17: ='IN – Instrumentación'!T9 -> COMPLETADA | F17: ='IN – Instrumentación'!Z9 -> PENDIENTE | G17: ='IN – Instrumentación'!AG9 -> PENDIENTE | H17: ='IN – Instrumentación'!AM9 -> PENDIENTE | I17: ='IN – Instrumentación'!AN9 -> 🟡 EN PROCESO | J17: ='IN – Instrumentación'!AS9 -> RI y Rec.Ofertas completadas 22-Abr (Caudal Magnético, Coriolis, Ultrasónico). AT fc Jun. OC Oct-Nov. Entrega Dic-26.
A18: ='IN – Instrumentación'!A10 -> 6 | B18: ='IN – Instrumentación'!C10 -> Analizadores | C18: ='IN – Instrumentación'!H10 -> COMPLETADO | D18: ='IN – Instrumentación'!O10 -> EMITIDA | E18: ='IN – Instrumentación'!T10 -> COMPLETADA | F18: ='IN – Instrumentación'!Z10 -> PENDIENTE | G18: ='IN – Instrumentación'!AG10 -> PENDIENTE | H18: ='IN – Instrumentación'!AM10 -> PENDIENTE | I18: ='IN – Instrumentación'!AN10 -> 🟡 EN PROCESO | J18: ='IN – Instrumentación'!AS10 -> RI y Rec.Ofertas completadas 17-Abr (Analizador RVP y Corte de Agua). AT fc Jun. OC/Entrega 2do sem 2026.
A19: ='IN – Instrumentación'!A11 -> 7 | B19: ='IN – Instrumentación'!C11 -> Tomamuestras | C19: ='IN – Instrumentación'!H11 -> COMPLETADO | D19: ='IN – Instrumentación'!O11 -> EN PROCESO | E19: ='IN – Instrumentación'!T11 -> PENDIENTE | F19: ='IN – Instrumentación'!Z11 -> PENDIENTE | G19: ='IN – Instrumentación'!AG11 -> PENDIENTE | H19: ='IN – Instrumentación'!AM11 -> PENDIENTE | I19: ='IN – Instrumentación'!AN11 -> 🟡 EN PROCESO | J19: ='IN – Instrumentación'!AS11 -> RI emitida 30-Mar (antes del prog). SOLP en proceso fc May. Entrega fc Nov-26. Holgura ok.
A20: ='IN – Instrumentación'!A12 -> 8 | B20: ='IN – Instrumentación'!C12 -> Materiales para montaje de instrumentos | C20: ='IN – Instrumentación'!H12 -> ATRASADO | D20: ='IN – Instrumentación'!O12 -> PENDIENTE | E20: ='IN – Instrumentación'!T12 -> PENDIENTE | F20: ='IN – Instrumentación'!Z12 -> PENDIENTE | G20: ='IN – Instrumentación'!AG12 -> PENDIENTE | H20: ='IN – Instrumentación'!AM12 -> ATRASADO | I20: ='IN – Instrumentación'!AN12 -> 🔴 ATRASADO | J20: ='IN – Instrumentación'!AS12 -> ⚠ CRÍTICO: RI prog Jun-25. Tendencia actual Oct-26 (+16 meses). Revisar alcance y estrategia de compra urgente.
A21: ='IN – Instrumentación'!A13 -> 9 | B21: ='IN – Instrumentación'!C13 -> Cajas de conexionado (J-Box) | C21: ='IN – Instrumentación'!H13 -> EN PROCESO | D21: ='IN – Instrumentación'!O13 -> PENDIENTE | E21: ='IN – Instrumentación'!T13 -> PENDIENTE | F21: ='IN – Instrumentación'!Z13 -> PENDIENTE | G21: ='IN – Instrumentación'!AG13 -> PENDIENTE | H21: ='IN – Instrumentación'!AM13 -> PENDIENTE | I21: ='IN – Instrumentación'!AN13 -> 🟡 EN PROCESO | J21: ='IN – Instrumentación'!AS13 -> RI prog Jul-25, desvío importante. Tendencia fc May-26. Emisión pendiente. Entrega fc Nov-26.
A22: ='IN – Instrumentación'!A14 -> 10 | B22: ='IN – Instrumentación'!C14 -> Bandejas portacables | C22: ='IN – Instrumentación'!H14 -> ATRASADO | D22: ='IN – Instrumentación'!O14 -> PENDIENTE | E22: ='IN – Instrumentación'!T14 -> PENDIENTE | F22: ='IN – Instrumentación'!Z14 -> PENDIENTE | G22: ='IN – Instrumentación'!AG14 -> PENDIENTE | H22: ='IN – Instrumentación'!AM14 -> PENDIENTE | I22: ='IN – Instrumentación'!AN14 -> 🔴 ATRASADO | J22: ='IN – Instrumentación'!AS14 -> ⚠ RI prog Ago-25 sin emisión registrada. Sin RI activa en el plan. Requiere verificación y emisión urgente.
A23: ='IN – Instrumentación'!A15 -> 11 | B23: ='IN – Instrumentación'!C15 -> Cables de inst. Rev. 0 – Ing. Inicial | C23: ='IN – Instrumentación'!H15 -> ATRASADO | D23: ='IN – Instrumentación'!O15 -> PENDIENTE | E23: ='IN – Instrumentación'!T15 -> PENDIENTE | F23: ='IN – Instrumentación'!Z15 -> PENDIENTE | G23: ='IN – Instrumentación'!AG15 -> PENDIENTE | H23: ='IN – Instrumentación'!AM15 -> PENDIENTE | I23: ='IN – Instrumentación'!AN15 -> 🔴 ATRASADO | J23: ='IN – Instrumentación'!AS15 -> ⚠ RI prog Sep-25, tendencia May-26 (+8 meses). Dependiente plano de cables Rev.0. Requiere aceleración de ingeniería.
A24: ='IN – Instrumentación'!A16 -> 12 | B24: ='IN – Instrumentación'!C16 -> Cables de inst. Rev. 1 – Ing. 80% | C24: ='IN – Instrumentación'!H16 -> PENDIENTE | D24: ='IN – Instrumentación'!O16 -> PENDIENTE | E24: ='IN – Instrumentación'!T16 -> PENDIENTE | F24: ='IN – Instrumentación'!Z16 -> PENDIENTE | G24: ='IN – Instrumentación'!AG16 -> PENDIENTE | H24: ='IN – Instrumentación'!AM16 -> PENDIENTE | I24: ='IN – Instrumentación'!AN16 -> ⚪ PENDIENTE | J24: ='IN – Instrumentación'!AS16 -> Fase Rev.1 sujeta a Ing.80% (hito Jun-26). Tendencia RI May-26. OC prevista Ago-26. Entrega Dic-26.
... A27: ='IN – Instrumentación'!A19 -> 15 | B27: ='IN – Instrumentación'!C19 -> Sistema Contra Incendio (Detección/Diluvio) | C27: ='IN – Instrumentación'!H19 -> COMPLETADO | D27: ='IN – Instrumentación'!O19 -> EMITIDA | E27: ='IN – Instrumentación'!T19 -> COMPLETADA | F27: ='IN – Instrumentación'!Z19 -> PENDIENTE | G27: ='IN – Instrumentación'!AG19 -> PENDIENTE | H27: ='IN – Instrumentación'!AM19 -> PENDIENTE | I27: ='IN – Instrumentación'!AN19 -> 🟡 EN PROCESO | J27: ='IN – Instrumentación'!AS19 -> RI y Rec.Ofertas (Val.Diluvio) completadas 06-May. AT fc Jul. OC/Entrega Ene-27.
A30: RESUMEN ETAPAS – EL ELECTRICIDAD
A31: N° | B31: Descripción | C31: Estado RI | D31: Estado SOLP | E31: Estado Rec.Of | F31: Estado AT | G31: Estado OC | H31: Estado Entrega | I31: Estado General | J31: Observaciones
A32: ='EL – Electricidad'!A5 -> 1 | B32: ='EL – Electricidad'!C5 -> Shelter eléctrico y banco de carga | C32: ='EL – Electricidad'!H5 -> COMPLETADO | D32: ='EL – Electricidad'!O5 -> EMITIDA | E32: ='EL – Electricidad'!T5 -> COMPLETADA | F32: ='EL – Electricidad'!Z5 -> APROBADO | G32: ='EL – Electricidad'!AG5 -> EMITIDA | H32: ='EL – Electricidad'!AM5 -> PENDIENTE | I32: ='EL – Electricidad'!AN5 -> 🟡 EN PROCESO | J32: ='EL – Electricidad'!AS5 -> SE#3 y SE#4: RI, Rec.Of y OC/Adj. completadas (May-26). SE#5 sin RI localizada. Fabricación en curso. Entrega fc May-27.
A33: ='EL – Electricidad'!A6 -> 2 | B33: ='EL – Electricidad'!C6 -> Tableros y celdas media tensión (MT) | C33: ='EL – Electricidad'!H6 -> COMPLETADO | D33: ='EL – Electricidad'!O6 -> EMITIDA | E33: ='EL – Electricidad'!T6 -> COMPLETADA | F33: ='EL – Electricidad'!Z6 -> PENDIENTE | G33: ='EL – Electricidad'!AG6 -> PENDIENTE | H33: ='EL – Electricidad'!AM6 -> PENDIENTE | I33: ='EL – Electricidad'!AN6 -> 🟡 EN PROCESO | J33: ='EL – Electricidad'!AS6 -> RI Transf.Secos/Aceite y Eq.Maniobra MT completadas y Rec.Of 30-Abr. AT pendiente. Lead time crítico ~12 meses. OC fc Ene-27.
A34: ='EL – Electricidad'!A7 -> 3 | B34: ='EL – Electricidad'!C7 -> Tableros BT y Centros de Control de Motores (CCM) | C34: ='EL – Electricidad'!H7 -> ATRASADO | D34: ='EL – Electricidad'!O7 -> PENDIENTE | E34: ='EL – Electricidad'!T7 -> PENDIENTE | F34: ='EL – Electricidad'!Z7 -> PENDIENTE | G34: ='EL – Electricidad'!AG7 -> PENDIENTE | H34: ='EL – Electricidad'!AM7 -> PENDIENTE | I34: ='EL – Electricidad'!AN7 -> 🔴 ATRASADO | J34: ='EL – Electricidad'!AS7 -> ⚠ RI prog Jul-25 sin emisión confirmada al 6-May. Requiere verificación urgente. Lead time CCM ~10-12 meses.
A35: ='EL – Electricidad'!A8 -> 4 | B35: ='EL – Electricidad'!C8 -> Canalizaciones eléctricas (conduits/acces.) | C35: ='EL – Electricidad'!H8 -> ATRASADO | D35: ='EL – Electricidad'!O8 -> PENDIENTE | E35: ='EL – Electricidad'!T8 -> PENDIENTE | F35: ='EL – Electricidad'!Z8 -> PENDIENTE | G35: ='EL – Electricidad'!AG8 -> PENDIENTE | H35: ='EL – Electricidad'!AM8 -> ATRASADO | I35: ='EL – Electricidad'!AN8 -> 🔴 ATRASADO | J35: ='EL – Electricidad'!AS8 -> ⚠ RI prog Feb-26, tendencia Jun-26 (+4 meses). Entrega fc Ene-27 vs necesidad Oct-26. Desvío ~90 días.
A36: ='EL – Electricidad'!A9 -> 5 | B36: ='EL – Electricidad'!C9 -> Cables eléctricos Rev. 0 – Ing. Inicial | C36: ='EL – Electricidad'!H9 -> ATRASADO | D36: ='EL – Electricidad'!O9 -> PENDIENTE | E36: ='EL – Electricidad'!T9 -> PENDIENTE | F36: ='EL – Electricidad'!Z9 -> PENDIENTE | G36: ='EL – Electricidad'!AG9 -> PENDIENTE | H36: ='EL – Electricidad'!AM9 -> ATRASADO | I36: ='EL – Electricidad'!AN9 -> 🔴 ATRASADO | J36: ='EL – Electricidad'!AS9 -> ⚠ RI prog Mar-26, tendencia Jun-26. Entrega fc Feb-27 vs necesidad Dic-26. Desvío ~60 días. Dependiente plano Rev.0.
A37: ='EL – Electricidad'!A10 -> 6 | B37: ='EL – Electricidad'!C10 -> Cables eléctricos Rev. 1 – Ing. 80% | C37: ='EL – Electricidad'!H10 -> PENDIENTE | D37: ='EL – Electricidad'!O10 -> PENDIENTE | E37: ='EL – Electricidad'!T10 -> PENDIENTE | F37: ='EL – Electricidad'!Z10 -> PENDIENTE | G37: ='EL – Electricidad'!AG10 -> PENDIENTE | H37: ='EL – Electricidad'!AM10 -> PENDIENTE | I37: ='EL – Electricidad'!AN10 -> ⚪ PENDIENTE | J37: ='EL – Electricidad'!AS10 -> Fase Rev.1 sujeta a Ing.80% (hito Jun-26). OC fc Ago-26. Entrega Dic-26.
A38: ='EL – Electricidad'!A11 -> 7 | B38: ='EL – Electricidad'!C11 -> Materiales PAT (Puesta a tierra y SPCDA) | C38: ='EL – Electricidad'!H11 -> COMPLETADO | D38: ='EL – Electricidad'!O11 -> EMITIDA | E38: ='EL – Electricidad'!T11 -> COMPLETADA | F38: ='EL – Electricidad'!Z11 -> APROBADO | G38: ='EL – Electricidad'!AG11 -> EMITIDA | H38: ='EL – Electricidad'!AM11 -> EN TRÁNSITO | I38: ='EL – Electricidad'!AN11 -> 🟡 EN PROCESO | J38: ='EL – Electricidad'!AS11 -> ✅ Ítem más avanzado EL: RI, Rec.Of, AT y OC completadas (Abr-26). Entrega contractual Abr-26. FC entrega Jun-26. Confirmar estado físico.
A39: ='EL – Electricidad'!A12 -> 8 | B39: ='EL – Electricidad'!C12 -> Sistema UPS y Rectificadores | C39: ='EL – Electricidad'!H12 -> ATRASADO | D39: ='EL – Electricidad'!O12 -> PENDIENTE | E39: ='EL – Electricidad'!T12 -> PENDIENTE | F39: ='EL – Electricidad'!Z12 -> PENDIENTE | G39: ='EL – Electricidad'!AG12 -> PENDIENTE | H39: ='EL – Electricidad'!AM12 -> PENDIENTE | I39: ='EL – Electricidad'!AN12 -> 🔴 ATRASADO | J39: ='EL – Electricidad'!AS12 -> ⚠ RI prog Nov-25 sin real confirmada. Equipo de largo lead time (~10 meses). Requiere RI y adjudicación urgente.
A40: ='EL – Electricidad'!A13 -> 9 | B40: ='EL – Electricidad'!C13 -> Tracing eléctrico | C40: ='EL – Electricidad'!H13 -> ATRASADO | D40: ='EL – Electricidad'!O13 -> PENDIENTE | E40: ='EL – Electricidad'!T13 -> PENDIENTE | F40: ='EL – Electricidad'!Z13 -> PENDIENTE | G40: ='EL – Electricidad'!AG13 -> PENDIENTE | H40: ='EL – Electricidad'!AM13 -> ATRASADO | I40: ='EL – Electricidad'!AN13 -> 🔴 ATRASADO | J40: ='EL – Electricidad'!AS13 -> RI prog Abr-26, tendencia Ago-26. Entrega fc Mar-27 vs necesidad Dic-26. Desvío ~3 meses. Alinear con Ing. de detalle.
A41: ='EL – Electricidad'!A14 -> 10 | B41: ='EL – Electricidad'!C14 -> Ducto de barras | C41: ='EL – Electricidad'!H14 -> ATRASADO | D41: ='EL – Electricidad'!O14 -> PENDIENTE | E41: ='EL – Electricidad'!T14 -> PENDIENTE | F41: ='EL – Electricidad'!Z14 -> PENDIENTE | G41: ='EL – Electricidad'!AG14 -> PENDIENTE | H41: ='EL – Electricidad'!AM14 -> PENDIENTE | I41: ='EL – Electricidad'!AN14 -> 🔴 ATRASADO | J41: ='EL – Electricidad'!AS14 -> ⚠ 'No se encuentra' en cronograma. Sin RI emitida. Lead time ducto de barras 8-10 meses. Acción inmediata requerida.

Sheet IN – Instrumentación
A1: TRACKER DE SUMINISTROS · INSTRUMENTACIÓN & CONTROL · PROYECTO LA CALERA II · Rev. 0 · Actualizado: 19-May-2026
A2: IDENTIFICACIÓN | E2: RI – REQUISICIÓN DE INGENIERÍA | J2: SOLP / CESTA | P2: RECEPCIÓN DE OFERTAS | U2: ANÁLISIS TÉCNICO (AT) | AA2: ORDEN DE COMPRA (OC) | AH2: ENTREGA / DISPONIBILIDAD | AN2: GESTIÓN Y SEGUIMIENTO
A3: N° | B3: N° REQ. | C3: DESCRIPCIÓN | D3: TAG N° | E3: Fecha Prog. | F3: Forecast | G3: Fecha Real | H3: Estado | I3: Desvío (d) | J3: N° SOLP/Cesta | K3: Emis. Ini Prog | L3: Emis. Fin Prog | M3: Forecast | N3: Real | O3: Estado | P3: Ini Prog | Q3: Fin Prog | R3: Forecast | S3: Real | T3: Estado | U3: RevA – Prog | V3: RevA – Real | W3: Rev0 Ini Prog | X3: Rev0 Fin Prog | Y3: Rev0 Real | Z3: Estado | AA3: N° OC | AB3: Proveedor | AC3: Posición | AD3: OC Prog. | AE3: OC Forecast | AF3: OC Real | AG3: Estado OC | AH3: F. Entrega Prog | AI3: F. Entrega Forecast | AJ3: F. Entrega Real | AK3: Fecha Necesidad | AL3: Desvío vs Nec (d) | AM3: Estado Entrega | AN3: Estado General | AO3: Prioridad | AP3: Responsable | AQ3: Próxima Acción | AR3: F. Prox. Acción | AS3: Observaciones | AT3: Última Actualiz.
A4: N° | B4: Completar | C4: Plan de Suministros | D4: De plano | E4: Del cronograma | F4: Estimación actual | G4: Fecha cierre | H4: ▼ Lista | I4: Auto (Real - Prog) | J4: Ingresar N° | K4: Del cronograma | L4: Del cronograma | M4: Estimación | N4: Fecha cierre | O4: ▼ Lista | P4: Del cronograma | Q4: Del cronograma | R4: Estimación | S4: Fecha cierre | T4: ▼ Lista | U4: Del cronograma | V4: Fecha cierre | W4: Del cronograma | X4: Del cronograma | Y4: Fecha cierre | Z4: ▼ Lista | AA4: Ingresar N° OC | AB4: Nombre proveedor | AC4: Posición SAP | AD4: Del cronograma | AE4: Estimación | AF4: Fecha firma | AG4: ▼ Lista | AH4: Del contrato OC | AI4: Estimación actual | AJ4: Fecha recepción | AK4: Fecha crítica | AL4: Auto (Real - Nec) | AM4: ▼ Lista | AN4: ▼ Lista | AO4: ▼ Lista | AP4: Ingresar nombre | AQ4: Describir acción | AR4: Fecha límite | AS4: Notas/riesgos/acciones | AT4: Auto
A5: 1 | C5: Válvulas de control, shutdown y motorizadas | E5: 45982 | F5: 46134 | G5: 46135 | H5: COMPLETADO | I5: =IFERROR(IF(G5<>"",G5-E5,""),"") -> 153 | J5: RI-001/003 | K5: 45983 | L5: 45990 | M5: 46172 | O5: EN PROCESO | P5: 45991 | Q5: 46016 | R5: 46172 | T5: PENDIENTE | W5: 46017 | X5: 46237 | Z5: PENDIENTE | AD5: 46063 | AE5: 46454 | AG5: PENDIENTE | AH5: 46412 | AI5: 46544 | AK5: 46412 | AL5: =IFERROR(IF(AND(AJ5<>"",AK5<>""),AJ5-AK5,""),"") | AM5: PENDIENTE | AN5: 🟡 EN PROCESO | AO5: ALTO | AS5: RI-001 (Val.Control/Autoreg.) emitida 23-Abr. RI-003 (Blowdown/Shutdown) emitida 19-Mar. Rec.Ofertas en curso fc May-26. AT fc Ago-26. | AT5: =IF(AS5<>"",TODAY(),"") -> 46163
A6: 2 | C6: Válvulas de seguridad (PSV) | E6: 46072 | F6: 46108 | G6: 46111 | H6: COMPLETADO | I6: =IFERROR(IF(G6<>"",G6-E6,""),"") -> 39 | J6: RI-002 | K6: 46073 | L6: 46080 | M6: 46148 | N6: 46142 | O6: EMITIDA | P6: 46081 | Q6: 46106 | R6: 46148 | S6: 46142 | T6: COMPLETADA | W6: 46107 | X6: 46207 | Z6: PENDIENTE | AD6: 46153 | AE6: 46394 | AG6: PENDIENTE | AH6: 46412 | AI6: 46394 | AK6: 46412 | AL6: =IFERROR(IF(AND(AJ6<>"",AK6<>""),AJ6-AK6,""),"") | AM6: PENDIENTE | AN6: 🟡 EN PROCESO | AO6: ALTO | AS6: RI emitida 30-Mar. Rec.Ofertas completada 30-Abr. AT pendiente fc Jul. OC fc Ene-27. | AT6: =IF(AS6<>"",TODAY(),"") -> 46163
A7: 3 | C7: Instrumentos comunes | E7: 46057 | F7: 46133 | G7: 46122 | H7: COMPLETADO | I7: =IFERROR(IF(G7<>"",G7-E7,""),"") -> 65 | J7: RI-005/006/008/010/011/012 | K7: 46058 | L7: 46065 | M7: 46166 | O7: EN PROCESO | P7: 46066 | Q7: 46091 | R7: 46200 | T7: PENDIENTE | W7: 46092 | X7: 46265 | Z7: PENDIENTE | AD7: 46138 | AE7: 46381 | AG7: PENDIENTE | AI7: 46423 | AK7: 46381 | AL7: =IFERROR(IF(AND(AJ7<>"",AK7<>""),AJ7-AK7,""),"") | AM7: PENDIENTE | AN7: 🟡 EN PROCESO | AO7: ALTO | AS7: RIs emitidas 10-24 Abr (T.Pres, T.Pres.Dif, T.Nivel, T.Temp, Manóm, Ind.Nivel). SOLP en proceso. Rec.Of fc May-Jun 26. | AT7: =IF(AS7<>"",TODAY(),"") -> 46163
A8: 4 | C8: Transmisores (P, DP, T, N) | E8: 46057 | F8: 46125 | G8: 46122 | H8: COMPLETADO | I8: =IFERROR(IF(G8<>"",G8-E8,""),"") -> 65 | J8: RI-005/006/008/010/024/025/026 | K8: 46058 | L8: 46065 | M8: 46159 | O8: EN PROCESO | P8: 46066 | Q8: 46091 | R8: 46193 | T8: PENDIENTE | W8: 46092 | X8: 46258 | Z8: PENDIENTE | AD8: 46138 | AE8: 46381 | AG8: PENDIENTE | AI8: 46411 | AK8: 46381 | AL8: =IFERROR(IF(AND(AJ8<>"",AK8<>""),AJ8-AK8,""),"") | AM8: PENDIENTE | AN8: 🟡 EN PROCESO | AO8: ALTO | AS8: RIs completadas (P, DP, T, Nivel Radar, Caudal Mag/Coriolis/Ultrasónico). SOLP/Rec.Ofertas fc May-Jun. | AT8: =IF(AS8<>"",TODAY(),"") -> 46163
A9: 5 | C9: Medidores de caudal (MV, Coriolis, DP) | E9: 46061 | F9: 46111 | G9: 46111 | H9: COMPLETADO | I9: =IFERROR(IF(G9<>"",G9-E9,""),"") -> 50 | J9: RI-024/025/026 | K9: 46062 | L9: 46069 | M9: 46148 | N9: 46134 | O9: EMITIDA | P9: 46070 | Q9: 46095 | R9: 46148 | S9: 46134 | T9: COMPLETADA | W9: 46096 | X9: 46199 | Z9: PENDIENTE | AD9: 46142 | AE9: 46326 | AG9: PENDIENTE | AI9: 46366 | AK9: 46381 | AL9: =IFERROR(IF(AND(AJ9<>"",AK9<>""),AJ9-AK9,""),"") | AM9: PENDIENTE | AN9: 🟡 EN PROCESO | AO9: ALTO | AS9: RI y Rec.Ofertas completadas 22-Abr (Caudal Magnético, Coriolis, Ultrasónico). AT fc Jun. OC Oct-Nov. Entrega Dic-26. | AT9: =IF(AS9<>"",TODAY(),"") -> 46163
A10: 6 | C10: Analizadores | E10: 46057 | F10: 46090 | G10: 46091 | H10: COMPLETADO | I10: =IFERROR(IF(G10<>"",G10-E10,""),"") -> 34 | J10: RI-028/029 | K10: 46058 | L10: 46065 | M10: 46129 | N10: 46129 | O10: EMITIDA | P10: 46066 | Q10: 46091 | R10: 46129 | S10: 46129 | T10: COMPLETADA | W10: 46092 | X10: 46194 | Z10: PENDIENTE | AD10: 46138 | AE10: 46381 | AG10: PENDIENTE | AI10: 46441 | AK10: 46381 | AL10: =IFERROR(IF(AND(AJ10<>"",AK10<>""),AJ10-AK10,""),"") | AM10: PENDIENTE | AN10: 🟡 EN PROCESO | AO10: ALTO | AS10: RI y Rec.Ofertas completadas 17-Abr (Analizador RVP y Corte de Agua). AT fc Jun. OC/Entrega 2do sem 2026. | AT10: =IF(AS10<>"",TODAY(),"") -> 46163
A11: 7 | C11: Tomamuestras | E11: 46057 | F11: 46136 | G11: 46111 | H11: COMPLETADO | I11: =IFERROR(IF(G11<>"",G11-E11,""),"") -> 54 | J11: RI-015 | K11: 46058 | L11: 46065 | M11: 46148 | O11: EN PROCESO | P11: 46066 | Q11: 46091 | R11: 46185 | T11: PENDIENTE | W11: 46092 | X11: 46213 | Z11: PENDIENTE | AD11: 46138 | AE11: 46340 | AG11: PENDIENTE | AI11: 46340 | AK11: 46381 | AL11: =IFERROR(IF(AND(AJ11<>"",AK11<>""),AJ11-AK11,""),"") | AM11: PENDIENTE | AN11: 🟡 EN PROCESO | AO11: MEDIO | AS11: RI emitida 30-Mar (antes del prog). SOLP en proceso fc May. Entrega fc Nov-26. Holgura ok. | AT11: =IF(AS11<>"",TODAY(),"") -> 46163
A12: 8 | C12: Materiales para montaje de instrumentos | E12: 45819 | F12: 46315 | H12: ATRASADO | I12: =IFERROR(IF(G12<>"",G12-E12,""),"") | J12: RI-039/040 | K12: 45820 | L12: 45827 | M12: 46352 | O12: PENDIENTE | P12: 45828 | Q12: 45853 | T12: PENDIENTE | W12: 45854 | X12: 46392 | Z12: PENDIENTE | AD12: 45885 | AE12: 46381 | AG12: PENDIENTE | AI12: 46489 | AK12: 46381 | AL12: =IFERROR(IF(AND(AJ12<>"",AK12<>""),AJ12-AK12,""),"") | AM12: ATRASADO | AN12: 🔴 ATRASADO | AO12: CRÍTICO | AS12: ⚠ CRÍTICO: RI prog Jun-25. Tendencia actual Oct-26 (+16 meses). Revisar alcance y estrategia de compra urgente. | AT12: =IF(AS12<>"",TODAY(),"") -> 46163
A13: 9 | C13: Cajas de conexionado (J-Box) | E13: 45840 | F13: 46147 | H13: EN PROCESO | I13: =IFERROR(IF(G13<>"",G13-E13,""),"") | J13: RI-033 | K13: 45841 | L13: 45848 | M13: 46184 | O13: PENDIENTE | P13: 45849 | Q13: 45874 | R13: 46249 | T13: PENDIENTE | W13: 45875 | X13: 46249 | Z13: PENDIENTE | AD13: 45906 | AE13: 46356 | AG13: PENDIENTE | AI13: 46356 | AK13: 46381 | AL13: =IFERROR(IF(AND(AJ13<>"",AK13<>""),AJ13-AK13,""),"") | AM13: PENDIENTE | AN13: 🟡 EN PROCESO | AO13: ALTO | AS13: RI prog Jul-25, desvío importante. Tendencia fc May-26. Emisión pendiente. Entrega fc Nov-26. | AT13: =IF(AS13<>"",TODAY(),"") -> 46163
A14: 10 | C14: Bandejas portacables | E14: 45870 | H14: ATRASADO | I14: =IFERROR(IF(G14<>"",G14-E14,""),"") | K14: 45871 | L14: 45878 | O14: PENDIENTE | P14: 45879 | Q14: 45904 | T14: PENDIENTE | W14: 45905 | Z14: PENDIENTE | AD14: 45936 | AG14: PENDIENTE | AK14: 46381 | AL14: =IFERROR(IF(AND(AJ14<>"",AK14<>""),AJ14-AK14,""),"") | AM14: PENDIENTE | AN14: 🔴 ATRASADO | AO14: CRÍTICO | AS14: ⚠ RI prog Ago-25 sin emisión registrada. Sin RI activa en el plan. Requiere verificación y emisión urgente. | AT14: =IF(AS14<>"",TODAY(),"") -> 46163
A15: 11 | C15: Cables de inst. Rev. 0 – Ing. Inicial | E15: 45900 | F15: 46156 | H15: ATRASADO | I15: =IFERROR(IF(G15<>"",G15-E15,""),"") | J15: RI-032 | K15: 45901 | L15: 45908 | M15: 46193 | O15: PENDIENTE | P15: 45909 | Q15: 45934 | R15: 46258 | T15: PENDIENTE | W15: 45935 | X15: 46258 | Z15: PENDIENTE | AD15: 45981 | AE15: 46404 | AG15: PENDIENTE | AI15: 46415 | AK15: 46404 | AL15: =IFERROR(IF(AND(AJ15<>"",AK15<>""),AJ15-AK15,""),"") | AM15: PENDIENTE | AN15: 🔴 ATRASADO | AO15: CRÍTICO | AS15: ⚠ RI prog Sep-25, tendencia May-26 (+8 meses). Dependiente plano de cables Rev.0. Requiere aceleración de ingeniería. | AT15: =IF(AS15<>"",TODAY(),"") -> 46163
A16: 12 | C16: Cables de inst. Rev. 1 – Ing. 80% | E16: 46041 | F16: 46168 | H16: PENDIENTE | I16: =IFERROR(IF(G16<>"",G16-E16,""),"") | J16: RI-032 Rev.1 | K16: 46042 | L16: 46049 | M16: 46193 | O16: PENDIENTE | P16: 46050 | Q16: 46075 | R16: 46258 | T16: PENDIENTE | W16: 46076 | X16: 46258 | Z16: PENDIENTE | AD16: 46122 | AE16: 46259 | AG16: PENDIENTE | AI16: 46379 | AK16: 46404 | AL16: =IFERROR(IF(AND(AJ16<>"",AK16<>""),AJ16-AK16,""),"") | AM16: PENDIENTE | AN16: ⚪ PENDIENTE | AO16: ALTO | AS16: Fase Rev.1 sujeta a Ing.80% (hito Jun-26). Tendencia RI May-26. OC prevista Ago-26. Entrega Dic-26. | AT16: =IF(AS16<>"",TODAY(),"") -> 46163
A17: 13 | C17: Sistema de control (HW + SW / DCS/RTU/PLC) | E17: 45967 | F17: 46056 | G17: 46056 | H17: COMPLETADO | I17: =IFERROR(IF(G17<>"",G17-E17,""),"") -> 89 | J17: RI-035 (PCS) / RI-036 (SIS) | K17: 45968 | L17: 45975 | M17: 46106 | N17: 46106 | O17: EMITIDA | P17: 45976 | Q17: 46001 | R17: 46106 | S17: 46106 | T17: COMPLETADA | W17: 46002 | X17: 46206 | Z17: PENDIENTE | AD17: 46048 | AE17: 46434 | AG17: PENDIENTE | AI17: 46513 | AK17: 46434 | AL17: =IFERROR(IF(AND(AJ17<>"",AK17<>""),AJ17-AK17,""),"") | AM17: PENDIENTE | AN17: 🟡 EN PROCESO | AO17: CRÍTICO | AS17: PCS (Inauco) y SIS (HIMA): RI 03-Feb, Rec.Of 25-Mar completadas. AT fc Jul-26. OC fc Feb-27. Lead time crítico para RFSU Feb-27. | AT17: =IF(AS17<>"",TODAY(),"") -> 46163
A18: 14 | C18: Sistema Fire & Gas (FGS) | E18: 46027 | F18: 46107 | G18: 46111 | H18: COMPLETADO | I18: =IFERROR(IF(G18<>"",G18-E18,""),"") -> 84 | J18: RI-017 / RI-031 | K18: 46028 | L18: 46035 | M18: 46148 | N18: 46142 | O18: EMITIDA | P18: 46036 | Q18: 46061 | R18: 46148 | S18: 46142 | T18: COMPLETADA | W18: 46062 | X18: 46207 | Z18: PENDIENTE | AD18: 46108 | AE18: 46364 | AG18: PENDIENTE | AI18: 46364 | AK18: 46381 | AL18: =IFERROR(IF(AND(AJ18<>"",AK18<>""),AJ18-AK18,""),"") | AM18: PENDIENTE | AN18: 🟡 EN PROCESO | AO18: ALTO | AS18: RI F&G y Det.Térmico Lineal completadas. Rec.Ofertas 30-Abr. AT fc Jul. OC/Entrega Dic-26. | AT18: =IF(AS18<>"",TODAY(),"") -> 46163
A19: 15 | C19: Sistema Contra Incendio (Detección/Diluvio) | E19: 46027 | F19: 46101 | G19: 46106 | H19: COMPLETADO | I19: =IFERROR(IF(G19<>"",G19-E19,""),"") -> 79 | J19: RI-013 | K19: 46028 | L19: 46035 | M19: 46152 | N19: 46148 | O19: EMITIDA | P19: 46036 | Q19: 46061 | R19: 46152 | S19: 46148 | T19: COMPLETADA | W19: 46062 | X19: 46213 | Z19: PENDIENTE | AD19: 46108 | AE19: 46400 | AG19: PENDIENTE | AI19: 46400 | AK19: 46412 | AL19: =IFERROR(IF(AND(AJ19<>"",AK19<>""),AJ19-AK19,""),"") | AM19: PENDIENTE | AN19: 🟡 EN PROCESO | AO19: ALTO | AS19: RI y Rec.Ofertas (Val.Diluvio) completadas 06-May. AT fc Jul. OC/Entrega Ene-27. | AT19: =IF(AS19<>"",TODAY(),"") -> 46163

Sheet EL – Electricidad
A1: TRACKER DE SUMINISTROS · ELECTRICIDAD · PROYECTO LA CALERA II · Rev. 0 · Actualizado: 19-May-2026
A2: IDENTIFICACIÓN | E2: RI – REQUISICIÓN DE INGENIERÍA | J2: SOLP / CESTA | P2: RECEPCIÓN DE OFERTAS | U2: ANÁLISIS TÉCNICO (AT) | AA2: ORDEN DE COMPRA (OC) | AH2: ENTREGA / DISPONIBILIDAD | AN2: GESTIÓN Y SEGUIMIENTO
A3: N° | B3: N° REQ. | C3: DESCRIPCIÓN | D3: TAG N° | E3: Fecha Prog. | F3: Forecast | G3: Fecha Real | H3: Estado | I3: Desvío (d) | J3: N° SOLP/Cesta | K3: Emis. Ini Prog | L3: Emis. Fin Prog | M3: Forecast | N3: Real | O3: Estado | P3: Ini Prog | Q3: Fin Prog | R3: Forecast | S3: Real | T3: Estado | U3: RevA – Prog | V3: RevA – Real | W3: Rev0 Ini Prog | X3: Rev0 Fin Prog | Y3: Rev0 Real | Z3: Estado | AA3: N° OC | AB3: Proveedor | AC3: Posición | AD3: OC Prog. | AE3: OC Forecast | AF3: OC Real | AG3: Estado OC | AH3: F. Entrega Prog | AI3: F. Entrega Forecast | AJ3: F. Entrega Real | AK3: Fecha Necesidad | AL3: Desvío vs Nec (d) | AM3: Estado Entrega | AN3: Estado General | AO3: Prioridad | AP3: Responsable | AQ3: Próxima Acción | AR3: F. Prox. Acción | AS3: Observaciones | AT3: Última Actualiz.
A4: N° | B4: Completar | C4: Plan de Suministros | D4: De plano | E4: Del cronograma | F4: Estimación actual | G4: Fecha cierre | H4: ▼ Lista | I4: Auto (Real - Prog) | J4: Ingresar N° | K4: Del cronograma | L4: Del cronograma | M4: Estimación | N4: Fecha cierre | O4: ▼ Lista | P4: Del cronograma | Q4: Del cronograma | R4: Estimación | S4: Fecha cierre | T4: ▼ Lista | U4: Del cronograma | V4: Fecha cierre | W4: Del cronograma | X4: Del cronograma | Y4: Fecha cierre | Z4: ▼ Lista | AA4: Ingresar N° OC | AB4: Nombre proveedor | AC4: Posición SAP | AD4: Del cronograma | AE4: Estimación | AF4: Fecha firma | AG4: ▼ Lista | AH4: Del contrato OC | AI4: Estimación actual | AJ4: Fecha recepción | AK4: Fecha crítica | AL4: Auto (Real - Nec) | AM4: ▼ Lista | AN4: ▼ Lista | AO4: ▼ Lista | AP4: Ingresar nombre | AQ4: Describir acción | AR4: Fecha límite | AS4: Notas/riesgos/acciones | AT4: Auto
A5: 1 | C5: Shelter eléctrico y banco de carga | E5: 45948 | F5: 46031 | G5: 46031 | H5: COMPLETADO | I5: =IFERROR(IF(G5<>"",G5-E5,""),"") -> 83 | J5: RI-004/005/006 | K5: 45949 | L5: 45956 | M5: 46062 | N5: 46062 | O5: EMITIDA | P5: 45957 | Q5: 45982 | R5: 46062 | S5: 46062 | T5: COMPLETADA | W5: 45983 | X5: 46147 | Y5: 46150 | Z5: APROBADO | AA5: En gestión | AD5: 46029 | AE5: 46150 | AF5: 46150 | AG5: EMITIDA | AH5: 46429 | AI5: 46517 | AK5: 46429 | AL5: =IFERROR(IF(AND(AJ5<>"",AK5<>""),AJ5-AK5,""),"") | AM5: PENDIENTE | AN5: 🟡 EN PROCESO | AO5: CRÍTICO | AS5: SE#3 y SE#4: RI, Rec.Of y OC/Adj. completadas (May-26). SE#5 sin RI localizada. Fabricación en curso. Entrega fc May-27. | AT5: =IF(AS5<>"",TODAY(),"") -> 46163
A6: 2 | C6: Tableros y celdas media tensión (MT) | E6: 45895 | F6: 46153 | G6: 46122 | H6: COMPLETADO | I6: =IFERROR(IF(G6<>"",G6-E6,""),"") -> 227 | J6: RI-007/008/RI-002 | K6: 45896 | L6: 45903 | M6: 46162 | N6: 46142 | O6: EMITIDA | P6: 45904 | Q6: 45929 | R6: 46162 | S6: 46142 | T6: COMPLETADA | W6: 45930 | X6: 46207 | Z6: PENDIENTE | AD6: 45976 | AE6: 46414 | AG6: PENDIENTE | AH6: 46469 | AI6: 46506 | AK6: 46469 | AL6: =IFERROR(IF(AND(AJ6<>"",AK6<>""),AJ6-AK6,""),"") | AM6: PENDIENTE | AN6: 🟡 EN PROCESO | AO6: CRÍTICO | AS6: RI Transf.Secos/Aceite y Eq.Maniobra MT completadas y Rec.Of 30-Abr. AT pendiente. Lead time crítico ~12 meses. OC fc Ene-27. | AT6: =IF(AS6<>"",TODAY(),"") -> 46163
A7: 3 | C7: Tableros BT y Centros de Control de Motores (CCM) | E7: 45852 | H7: ATRASADO | I7: =IFERROR(IF(G7<>"",G7-E7,""),"") | K7: 45853 | L7: 45860 | O7: PENDIENTE | P7: 45861 | Q7: 45886 | T7: PENDIENTE | W7: 45887 | Z7: PENDIENTE | AD7: 45933 | AG7: PENDIENTE | AI7: 46472 | AK7: 46472 | AL7: =IFERROR(IF(AND(AJ7<>"",AK7<>""),AJ7-AK7,""),"") | AM7: PENDIENTE | AN7: 🔴 ATRASADO | AO7: CRÍTICO | AS7: ⚠ RI prog Jul-25 sin emisión confirmada al 6-May. Requiere verificación urgente. Lead time CCM ~10-12 meses. | AT7: =IF(AS7<>"",TODAY(),"") -> 46163
A8: 4 | C8: Canalizaciones eléctricas (conduits/acces.) | E8: 45842 | F8: 46185 | H8: ATRASADO | I8: =IFERROR(IF(G8<>"",G8-E8,""),"") | J8: RI-007 Canalizaciones | K8: 45843 | L8: 45850 | M8: 46222 | O8: PENDIENTE | P8: 45851 | Q8: 45876 | R8: 46287 | T8: PENDIENTE | W8: 45877 | X8: 46287 | Z8: PENDIENTE | AD8: 45908 | AE8: 46414 | AG8: PENDIENTE | AI8: 46414 | AK8: 46322 | AL8: =IFERROR(IF(AND(AJ8<>"",AK8<>""),AJ8-AK8,""),"") | AM8: ATRASADO | AN8: 🔴 ATRASADO | AO8: CRÍTICO | AS8: ⚠ RI prog Feb-26, tendencia Jun-26 (+4 meses). Entrega fc Ene-27 vs necesidad Oct-26. Desvío ~90 días. | AT8: =IF(AS8<>"",TODAY(),"") -> 46163
A9: 5 | C9: Cables eléctricos Rev. 0 – Ing. Inicial | E9: 45892 | F9: 46184 | H9: ATRASADO | I9: =IFERROR(IF(G9<>"",G9-E9,""),"") | J9: RI-006 Cables EL Rev.0 | K9: 45893 | L9: 45900 | M9: 46221 | O9: PENDIENTE | P9: 45901 | Q9: 45926 | R9: 46286 | T9: PENDIENTE | W9: 45927 | X9: 46286 | Z9: PENDIENTE | AD9: 45973 | AE9: 46443 | AG9: PENDIENTE | AI9: 46443 | AK9: 46382 | AL9: =IFERROR(IF(AND(AJ9<>"",AK9<>""),AJ9-AK9,""),"") | AM9: ATRASADO | AN9: 🔴 ATRASADO | AO9: CRÍTICO | AS9: ⚠ RI prog Mar-26, tendencia Jun-26. Entrega fc Feb-27 vs necesidad Dic-26. Desvío ~60 días. Dependiente plano Rev.0. | AT9: =IF(AS9<>"",TODAY(),"") -> 46163
A10: 6 | C10: Cables eléctricos Rev. 1 – Ing. 80% | E10: 46016 | F10: 46184 | H10: PENDIENTE | I10: =IFERROR(IF(G10<>"",G10-E10,""),"") | J10: RI-006 Cables EL Rev.1 | K10: 46017 | L10: 46024 | M10: 46221 | O10: PENDIENTE | P10: 46025 | Q10: 46050 | R10: 46286 | T10: PENDIENTE | W10: 46051 | X10: 46286 | Z10: PENDIENTE | AD10: 46097 | AE10: 46259 | AG10: PENDIENTE | AI10: 46379 | AK10: 46382 | AL10: =IFERROR(IF(AND(AJ10<>"",AK10<>""),AJ10-AK10,""),"") | AM10: PENDIENTE | AN10: ⚪ PENDIENTE | AO10: ALTO | AS10: Fase Rev.1 sujeta a Ing.80% (hito Jun-26). OC fc Ago-26. Entrega Dic-26. | AT10: =IF(AS10<>"",TODAY(),"") -> 46163
A11: 7 | C11: Materiales PAT (Puesta a tierra y SPCDA) | E11: 46130 | F11: 46030 | G11: 46030 | H11: COMPLETADO | I11: =IFERROR(IF(G11<>"",G11-E11,""),"") -> -100 | J11: RI-002 PAT/SPCDA | K11: 46131 | L11: 46138 | M11: 46053 | N11: 46053 | O11: EMITIDA | P11: 46139 | Q11: 46164 | R11: 46053 | S11: 46053 | T11: COMPLETADA | W11: 46165 | X11: 46112 | Y11: 46112 | Z11: APROBADO | AA11: En gestión | AB11: Por confirmar | AD11: 46196 | AE11: 46134 | AF11: 46134 | AG11: EMITIDA | AH11: 46137 | AI11: 46201 | AK11: 46137 | AL11: =IFERROR(IF(AND(AJ11<>"",AK11<>""),AJ11-AK11,""),"") | AM11: EN TRÁNSITO | AN11: 🟡 EN PROCESO | AO11: ALTO | AS11: ✅ Ítem más avanzado EL: RI, Rec.Of, AT y OC completadas (Abr-26). Entrega contractual Abr-26. FC entrega Jun-26. Confirmar estado físico. | AT11: =IF(AS11<>"",TODAY(),"") -> 46163
A12: 8 | C12: Sistema UPS y Rectificadores | E12: 45962 | H12: ATRASADO | I12: =IFERROR(IF(G12<>"",G12-E12,""),"") | K12: 45963 | L12: 45970 | O12: PENDIENTE | P12: 45971 | Q12: 45996 | T12: PENDIENTE | W12: 45997 | Z12: PENDIENTE | AD12: 46043 | AG12: PENDIENTE | AI12: 46412 | AK12: 46412 | AL12: =IFERROR(IF(AND(AJ12<>"",AK12<>""),AJ12-AK12,""),"") | AM12: PENDIENTE | AN12: 🔴 ATRASADO | AO12: CRÍTICO | AS12: ⚠ RI prog Nov-25 sin real confirmada. Equipo de largo lead time (~10 meses). Requiere RI y adjudicación urgente. | AT12: =IF(AS12<>"",TODAY(),"") -> 46163
A13: 9 | C13: Tracing eléctrico | E13: 46138 | F13: 46246 | H13: ATRASADO | I13: =IFERROR(IF(G13<>"",G13-E13,""),"") | J13: RI-004 Tracing | K13: 46139 | L13: 46146 | M13: 46283 | O13: PENDIENTE | P13: 46147 | Q13: 46172 | R13: 46348 | T13: PENDIENTE | W13: 46173 | X13: 46348 | Z13: PENDIENTE | AD13: 46204 | AE13: 46370 | AG13: PENDIENTE | AI13: 46475 | AK13: 46370 | AL13: =IFERROR(IF(AND(AJ13<>"",AK13<>""),AJ13-AK13,""),"") | AM13: ATRASADO | AN13: 🔴 ATRASADO | AO13: ALTO | AS13: RI prog Abr-26, tendencia Ago-26. Entrega fc Mar-27 vs necesidad Dic-26. Desvío ~3 meses. Alinear con Ing. de detalle. | AT13: =IF(AS13<>"",TODAY(),"") -> 46163
A14: 10 | C14: Ducto de barras | E14: 45912 | H14: ATRASADO | I14: =IFERROR(IF(G14<>"",G14-E14,""),"") | K14: 45913 | L14: 45920 | O14: PENDIENTE | P14: 45921 | Q14: 45946 | T14: PENDIENTE | W14: 45947 | Z14: PENDIENTE | AD14: 45993 | AG14: PENDIENTE | AI14: 46398 | AK14: 46398 | AL14: =IFERROR(IF(AND(AJ14<>"",AK14<>""),AJ14-AK14,""),"") | AM14: PENDIENTE | AN14: 🔴 ATRASADO | AO14: CRÍTICO | AS14: ⚠ 'No se encuentra' en cronograma. Sin RI emitida. Lead time ducto de barras 8-10 meses. Acción inmediata requerida. | AT14: =IF(AS14<>"",TODAY(),"") -> 46163
