Workbook

Sheet 1_Cables_Completo
A1: TAG_CABLE | B1: DE (From) | C1: HACIA (To) | D1: TENSION_V | E1: LONGITUD_m | F1: CONST | G1: FORMACION | H1: AREA | I1: DESCRIPCION | J1: TIPO | K1: CPF | L1: COND/ PUNTA | M1: ARMADO (SI/NO) | N1: PTAS COND | O1: PTAS ARM | P1: TOTAL PTAS | Q1: TIPO CABLE | R1: TIPO CARGA
A2: P-670-CP-600J | B2: 670-TGBT-001 | C2: TCA10-GE-10 | D2: 380 | E2: 75 | F2: 1kV-XLPE-Arm-CU | G2: 3x25/16 | H2: SALA ELÉCTRICA GENERACIÓN | I2: Tablero de control KBE-600J (G10\ (28 Kw CPF1\ 0 | J2: POTENCIA_BT | K2: CPF1 | L2: 4 | M2: SI | N2: 8 | O2: 2 | P2: 10 | Q2: POTENCIA BT PEQUEÑA (10-25mm²) | R2: TABLERO/CCM
A3: P-670-CP-600K | B3: 670-TGBT-001 | C3: TCA11-GE-11 | D3: 380 | E3: 75 | F3: 1kV-XLPE-Arm-CU | G3: 3x25/16 | H3: SALA ELÉCTRICA GENERACIÓN | I3: Tablero de control KBE-600K (G11\ (28 kW CPF1\ 0 | J3: POTENCIA_BT | K3: CPF1 | L3: 4 | M3: SI | N3: 8 | O3: 2 | P3: 10 | Q3: POTENCIA BT PEQUEÑA (10-25mm²) | R3: TABLERO/CCM
A4: P-SKZZ-67040A | B4: 670-TGBT-001 | C4: SKZZ-67040A | D4: 380 | E4: 100 | F4: 1kV-XLPE-Arm-CU | G4: 3x35/16 | H4: SALA ELÉCTRICA GENERACIÓN | I4: CALENTADOR DE GAS COMBUSTIBLE 0 | J4: POTENCIA_BT | K4: CPF1 | L4: 4 | M4: SI | N4: 8 | O4: 2 | P4: 10 | Q4: POTENCIA BT MEDIANA (35-70mm²) | R4: TABLERO/CCM
A5: P-SKZZ-67040B | B5: 670-TGBT-001 | C5: SKZZ-67040B | D5: 380 | E5: 100 | F5: 1kV-XLPE-Arm-CU | G5: 3x35/16 | H5: SALA ELÉCTRICA GENERACIÓN | I5: CALENTADOR DE GAS COMBUSTIBLE 0 | J5: POTENCIA_BT | K5: CPF1 | L5: 4 | M5: SI | N5: 8 | O5: 2 | P5: 10 | Q5: POTENCIA BT MEDIANA (35-70mm²) | R5: TABLERO/CCM
A6: P-SKZZ-90215 | B6: 670-TGBT-001 | C6: SKZZ-90215 | D6: 380 | E6: 130 | F6: 1kV-XLPE-Arm-CU | G6: 4x4 | H6: SALA ELÉCTRICA GENERACIÓN | I6: SKID INHIBIDOR DE HIDRATOS 670-DP-001 (Tab de SSAA\ | J6: POTENCIA_BT | K6: CPF1 | L6: 4 | M6: SI | N6: 8 | O6: 2 | P6: 10 | Q6: POTENCIA BT MUY PEQ (<10mm²) | R6: TABLERO/CCM
A7: P-JBT-SKZZ-67040 | B7: 670-DP-001 | C7: JBT-SKZZ-67040 | D7: 220 | E7: 100 | F7: 1kV-XLPE-Arm-T-CU | G7: 2x4+T | H7: SALA ELÉCTRICA GENERACIÓN | I7: TRACING SKID CALENTADORES DE GAS COMBUSTIBLE 0 | J7: POTENCIA_BT | K7: CPF1 | L7: 3 | M7: SI | N7: 6 | O7: 2 | P7: 8 | Q7: POTENCIA BT MUY PEQ (<10mm²) | R7: CALEFACCION/TRAZADO
A8: P-KBE600J-AUX1 | B8: 670-DP-001 | C8: KBE600J-AUX1 | D8: 220 | E8: 75 | F8: 1kV-XLPE-Arm-CU | G8: 2x4 | H8: SALA ELÉCTRICA GENERACIÓN | I8: Servicios Aux. bahia generador KBE-600J (G10\ 0 | J8: POTENCIA_BT | K8: CPF1 | L8: 2 | M8: SI | N8: 4 | O8: 2 | P8: 6 | Q8: POTENCIA BT MUY PEQ (<10mm²) | R8: TABLERO/CCM
A9: P-KBE600K-AUX1 | B9: 670-DP-001 | C9: KBE600K-AUX1 | D9: 220 | E9: 75 | F9: 1kV-XLPE-Arm-CU | G9: 2x4 | H9: SALA ELÉCTRICA GENERACIÓN | I9: Servicios Aux. bahia generador KBE-600K (G11\ 670-DP-101VCC | J9: POTENCIA_BT | K9: CPF1 | L9: 2 | M9: SI | N9: 4 | O9: 2 | P9: 6 | Q9: POTENCIA BT MUY PEQ (<10mm²) | R9: UPS/RECTIF/SSAA
A10: P-KBE600J-AUX2 | B10: 670-DP-101VCC | C10: KBE600J-AUX2 | D10: 110 | E10: 75 | F10: 1kV-XLPE-Arm-CU | G10: 2x4 | H10: SALA ELÉCTRICA GENERACIÓN | I10: Sistema Aux. bahia generador KBE-600J (G10\ 0 | J10: CONTROL | K10: CPF1 | L10: 2 | M10: SI | N10: 4 | O10: 2 | P10: 6 | Q10: CONTROL | R10: TABLERO/CCM
A11: P-KBE600K-AUX2 | B11: 670-DP-101VCC | C11: KBE600K-AUX2 | D11: 110 | E11: 75 | F11: 1kV-XLPE-Arm-CU | G11: 2x4 | H11: SALA ELÉCTRICA GENERACIÓN | I11: Sistema Aux. bahia generador KBE-600K (G11\ 670-DP-001UPS | J11: CONTROL | K11: CPF1 | L11: 2 | M11: SI | N11: 4 | O11: 2 | P11: 6 | Q11: CONTROL | R11: UPS/RECTIF/SSAA
A12: P-PLC-EAP-67040A | B12: 670-DP-001UPS | C12: PLC-EAP-67040A | D12: 220 | E12: 100 | F12: 1kV-XLPE-Arm-CU | G12: 2x4 | H12: SALA ELÉCTRICA GENERACIÓN | J12: POTENCIA_BT | K12: CPF1 | L12: 2 | M12: SI | N12: 4 | O12: 2 | P12: 6 | Q12: POTENCIA BT MUY PEQ (<10mm²) | R12: TABLERO/CCM
A13: P-PLC-EAP-67040B | B13: 670-DP-001UPS | C13: PLC-EAP-67040B | D13: 220 | E13: 100 | F13: 1kV-XLPE-Arm-CU | G13: 2x4 | H13: SALA ELÉCTRICA GENERACIÓN | J13: POTENCIA_BT | K13: CPF1 | L13: 2 | M13: SI | N13: 4 | O13: 2 | P13: 6 | Q13: POTENCIA BT MUY PEQ (<10mm²) | R13: TABLERO/CCM
A14: FO-102-PMS-101 | B14: 670-PMS-001 | C14: 102-PMS-101 | D14: - | E14: 400 | F14: F.O. monomodo | G14: F.O. | H14: SALA ELÉCTRICA GENERACIÓN | I14: Ampliación Red de control hacia SE#4 | J14: FO | K14: CPF2 | L14: 2 | M14: NO | N14: 4 | O14: 0 | P14: 4 | Q14: FO / ETHERNET | R14: CONTROL
A15: C-GE10-TMC-01-1 | B15: TCA10-GE-10 | C15: TMC-01 | D15: 110 | E15: 75 | F15: 1kV-XLPE-Arm-CU | G15: 2x2,5+T | H15: OTROS GABINETES | I15: Interconexiones tablero de contol - tablero de sincronismo 0 | J15: SEÑAL | K15: CPF1 | L15: 3 | M15: SI | N15: 6 | O15: 2 | P15: 8 | Q15: SEÑAL / INSTRUMENTO | R15: TABLERO/CCM
A16: C-GE10-TMC-01-2 | B16: TCA10-GE-10 | C16: TMC-01 | D16: 110 | E16: 75 | F16: 1kV-XLPE-Arm-CU | G16: 12x2,5 | H16: OTROS GABINETES | I16: Interconexiones tablero de contol - tablero de sincronismo 0 | J16: SEÑAL | K16: CPF1 | L16: 12 | M16: SI | N16: 24 | O16: 2 | P16: 26 | Q16: SEÑAL / INSTRUMENTO | R16: TABLERO/CCM
A17: C-GE10-TMC-01-2 | B17: TCA10-GE-10 | C17: TMC-01 | D17: 110 | E17: 75 | F17: 1kV-XLPE-Arm-CU | G17: 12x2,5 | H17: OTROS GABINETES | I17: Interconexiones tablero de contol - tablero de sincronismo 0 | J17: SEÑAL | K17: CPF1 | L17: 12 | M17: SI | N17: 24 | O17: 2 | P17: 26 | Q17: SEÑAL / INSTRUMENTO | R17: TABLERO/CCM
A18: C-GE10-TMC-01-2 | B18: TCA10-GE-10 | C18: TMC-01 | D18: 110 | E18: 75 | F18: 1kV-XLPE-Arm-CU | G18: 12x2,5 | H18: OTROS GABINETES | I18: Interconexiones tablero de contol - tablero de sincronismo 0 | J18: SEÑAL | K18: CPF1 | L18: 12 | M18: SI | N18: 24 | O18: 2 | P18: 26 | Q18: SEÑAL / INSTRUMENTO | R18: TABLERO/CCM
A19: C-GE10-TMC-01-5 | B19: TCA10-GE-10 | C19: TMC-01 | D19: 110 | E19: 75 | F19: 1kV-XLPE-Arm-CU | G19: 12x2,5 | H19: OTROS GABINETES | I19: Interconexiones tablero de contol - tablero de sincronismo 0 | J19: SEÑAL | K19: CPF1 | L19: 12 | M19: SI | N19: 24 | O19: 2 | P19: 26 | Q19: SEÑAL / INSTRUMENTO | R19: TABLERO/CCM
A20: C-GE10-TMC-01-6 | B20: TCA10-GE-10 | C20: TMC-01 | D20: 110 | E20: 75 | F20: 1kV-XLPE-Arm-CU | G20: 2x2,5+T | H20: OTROS GABINETES | J20: SEÑAL | K20: CPF1 | L20: 3 | M20: SI | N20: 6 | O20: 2 | P20: 8 | Q20: SEÑAL / INSTRUMENTO | R20: OTROS/VERIFICAR
A21: C-GE10-TMC-01-7 | B21: TCA10-GE-10 | C21: TMC-01 | D21: 110 | E21: 75 | F21: 1kV-XLPE-Arm-CU | G21: 2x2,5+T | H21: OTROS GABINETES | I21: Equilibrio de cargas 0 | J21: SEÑAL | K21: CPF1 | L21: 3 | M21: SI | N21: 6 | O21: 2 | P21: 8 | Q21: SEÑAL / INSTRUMENTO | R21: OTROS/VERIFICAR
A22: C-GE10-TMC-01-8 | B22: TCA10-GE-10 | C22: TMC-01 | D22: 110 | E22: 75 | F22: 1kV-XLPE-Arm-CU | G22: 2x2,5+T | H22: OTROS GABINETES | I22: Potencia de generador 0 | J22: SEÑAL | K22: CPF1 | L22: 3 | M22: SI | N22: 6 | O22: 2 | P22: 8 | Q22: SEÑAL / INSTRUMENTO | R22: OTROS/VERIFICAR
A23: C-GE10-TMC-01-9 | B23: TCA10-GE-10 | C23: TMC-01 | D23: 110 | E23: 75 | F23: 1kV-XLPE-Arm-CU | G23: 2x2,5+T | H23: OTROS GABINETES | I23: Consigna de potencia del generador 0 | J23: SEÑAL | K23: CPF1 | L23: 3 | M23: SI | N23: 6 | O23: 2 | P23: 8 | Q23: SEÑAL / INSTRUMENTO | R23: OTROS/VERIFICAR
A24: C-GE10-TMC-01-10 | B24: TCA10-GE-10 | C24: TMC-01 | D24: 110 | E24: 75 | F24: 1kV-XLPE-Arm-CU | G24: 2x2,5+T | H24: OTROS GABINETES | I24: Consigna de coseno fi del generador 0 | J24: SEÑAL | K24: CPF1 | L24: 3 | M24: SI | N24: 6 | O24: 2 | P24: 8 | Q24: SEÑAL / INSTRUMENTO | R24: OTROS/VERIFICAR
A25: C-GE10-TMC-01-11 | B25: TCA10-GE-10 | C25: TMC-01 | D25: 110 | E25: 75 | F25: 1kV-XLPE-Arm-CU | G25: 2x2,5+T | H25: OTROS GABINETES | I25: DCG10 0 | J25: SEÑAL | K25: CPF1 | L25: 3 | M25: SI | N25: 6 | O25: 2 | P25: 8 | Q25: SEÑAL / INSTRUMENTO | R25: OTROS/VERIFICAR
A26: C-GE11-TMC-01-1 | B26: TCA11-GE-11 | C26: TMC-01 | D26: 110 | E26: 75 | F26: 1kV-XLPE-Arm-CU | G26: 2x2,5+T | H26: OTROS GABINETES | I26: Interconexiones tablero de contol - tablero de sincronismo 0 | J26: SEÑAL | K26: CPF1 | L26: 3 | M26: SI | N26: 6 | O26: 2 | P26: 8 | Q26: SEÑAL / INSTRUMENTO | R26: TABLERO/CCM
A27: C-GE11-TMC-01-2 | B27: TCA11-GE-11 | C27: TMC-01 | D27: 110 | E27: 75 | F27: 1kV-XLPE-Arm-CU | G27: 12x2,5 | H27: OTROS GABINETES | I27: Interconexiones tablero de contol - tablero de sincronismo 0 | J27: SEÑAL | K27: CPF1 | L27: 12 | M27: SI | N27: 24 | O27: 2 | P27: 26 | Q27: SEÑAL / INSTRUMENTO | R27: TABLERO/CCM
A28: C-GE11-TMC-01-3 | B28: TCA11-GE-11 | C28: TMC-01 | D28: 110 | E28: 75 | F28: 1kV-XLPE-Arm-CU | G28: 12x2,5 | H28: OTROS GABINETES | I28: Interconexiones tablero de contol - tablero de sincronismo 0 | J28: SEÑAL | K28: CPF1 | L28: 12 | M28: SI | N28: 24 | O28: 2 | P28: 26 | Q28: SEÑAL / INSTRUMENTO | R28: TABLERO/CCM
A29: C-GE11-TMC-01-4 | B29: TCA11-GE-11 | C29: TMC-01 | D29: 110 | E29: 75 | F29: 1kV-XLPE-Arm-CU | G29: 12x2,5 | H29: OTROS GABINETES | I29: Interconexiones tablero de contol - tablero de sincronismo 0 | J29: SEÑAL | K29: CPF1 | L29: 12 | M29: SI | N29: 24 | O29: 2 | P29: 26 | Q29: SEÑAL / INSTRUMENTO | R29: TABLERO/CCM
A30: C-GE11-TMC-01-5 | B30: TCA11-GE-11 | C30: TMC-01 | D30: 110 | E30: 75 | F30: 1kV-XLPE-Arm-CU | G30: 12x2,5 | H30: OTROS GABINETES | I30: Interconexiones tablero de contol - tablero de sincronismo 0 | J30: SEÑAL | K30: CPF1 | L30: 12 | M30: SI | N30: 24 | O30: 2 | P30: 26 | Q30: SEÑAL / INSTRUMENTO | R30: TABLERO/CCM
A31: C-GE11-TMC-01-6 | B31: TCA11-GE-11 | C31: TMC-01 | D31: 110 | E31: 75 | F31: 1kV-XLPE-Arm-CU | G31: 2x2,5+T | H31: OTROS GABINETES | J31: SEÑAL | K31: CPF1 | L31: 3 | M31: SI | N31: 6 | O31: 2 | P31: 8 | Q31: SEÑAL / INSTRUMENTO | R31: OTROS/VERIFICAR
A32: C-GE11-TMC-01-7 | B32: TCA11-GE-11 | C32: TMC-01 | D32: 110 | E32: 75 | F32: 1kV-XLPE-Arm-CU | G32: 2x2,5+T | H32: OTROS GABINETES | I32: Equilibrio de cargas 0 | J32: SEÑAL | K32: CPF1 | L32: 3 | M32: SI | N32: 6 | O32: 2 | P32: 8 | Q32: SEÑAL / INSTRUMENTO | R32: OTROS/VERIFICAR
A33: C-GE11-TMC-01-8 | B33: TCA11-GE-11 | C33: TMC-01 | D33: 110 | E33: 75 | F33: 1kV-XLPE-Arm-CU | G33: 2x2,5+T | H33: OTROS GABINETES | I33: Potencia de generador 0 | J33: SEÑAL | K33: CPF1 | L33: 3 | M33: SI | N33: 6 | O33: 2 | P33: 8 | Q33: SEÑAL / INSTRUMENTO | R33: OTROS/VERIFICAR
A34: C-GE11-TMC-01-9 | B34: TCA11-GE-11 | C34: TMC-01 | D34: 110 | E34: 75 | F34: 1kV-XLPE-Arm-CU | G34: 2x2,5+T | H34: OTROS GABINETES | I34: Consigna de potencia del generador 0 | J34: SEÑAL | K34: CPF1 | L34: 3 | M34: SI | N34: 6 | O34: 2 | P34: 8 | Q34: SEÑAL / INSTRUMENTO | R34: OTROS/VERIFICAR
A35: C-GE11-TMC-01-10 | B35: TCA11-GE-11 | C35: TMC-01 | D35: 110 | E35: 75 | F35: 1kV-XLPE-Arm-CU | G35: 2x2,5+T | H35: OTROS GABINETES | I35: Consigna de coseno fi del generador | J35: SEÑAL | K35: CPF1 | L35: 3 | M35: SI | N35: 6 | O35: 2 | P35: 8 | Q35: SEÑAL / INSTRUMENTO | R35: OTROS/VERIFICAR
A36: C-GE11-TMC-01-11 | B36: TCA11-GE-11 | C36: TMC-01 | D36: 110 | E36: 75 | F36: 1kV-XLPE-Arm-CU | G36: 2x2,5+T | H36: OTROS GABINETES | I36: DCG11 0 | J36: SEÑAL | K36: CPF1 | L36: 3 | M36: SI | N36: 6 | O36: 2 | P36: 8 | Q36: SEÑAL / INSTRUMENTO | R36: OTROS/VERIFICAR
A37: C-GE10-TTLM-01 | B37: JB-G10-1 | C37: TTLM-01 | D37: 110 | E37: 75 | F37: 1kV-XLPE-Arm-CU | G37: 7x2,5 | H37: OTROS GABINETES | I37: TABLERO DE TELEMETRIA 0 | J37: CONTROL | K37: CPF1 | L37: 7 | M37: SI | N37: 14 | O37: 2 | P37: 16 | Q37: CONTROL | R37: TABLERO/CCM
A38: C-GE11-TTLM-01 | B38: JB-G11-1 | C38: TTLM-01 | D38: 110 | E38: 75 | F38: 1kV-XLPE-Arm-CU | G38: 7x2,5 | H38: OTROS GABINETES | I38: TABLERO DE TELEMETRIA 0 | J38: CONTROL | K38: CPF1 | L38: 7 | M38: SI | N38: 14 | O38: 2 | P38: 16 | Q38: CONTROL | R38: TABLERO/CCM
A39: P-670-TRE-010-R1 | B39: KBE-600J (G10\ | C39: 670-TRE-010 | D39: 380 | E39: 20 | F39: 1kV-XLPE-Arm-CU | G39: 1x240 | H39: ÁREA GENERADORES | I39: 0 | J39: POTENCIA_BT | K39: CPF1 | L39: 1 | M39: SI | N39: 2 | O39: 2 | P39: 4 | Q39: POTENCIA BT GRANDE (≥95mm²) | R39: TABLERO/CCM
A40: P-670-TRE-010-R2 | B40: KBE-600J (G10\ | C40: 670-TRE-010 | D40: 380 | E40: 20 | F40: 1kV-XLPE-Arm-CU | G40: 1x240 | H40: ÁREA GENERADORES | I40: 0 | J40: POTENCIA_BT | K40: CPF1 | L40: 1 | M40: SI | N40: 2 | O40: 2 | P40: 4 | Q40: POTENCIA BT GRANDE (≥95mm²) | R40: TABLERO/CCM
A41: P-670-TRE-010-R3 | B41: KBE-600J (G10\ | C41: 670-TRE-010 | D41: 380 | E41: 20 | F41: 1kV-XLPE-Arm-CU | G41: 1x240 | H41: ÁREA GENERADORES | I41: 0 | J41: POTENCIA_BT | K41: CPF1 | L41: 1 | M41: SI | N41: 2 | O41: 2 | P41: 4 | Q41: POTENCIA BT GRANDE (≥95mm²) | R41: TABLERO/CCM
A42: P-670-TRE-010-R4 | B42: KBE-600J (G10\ | C42: 670-TRE-010 | D42: 380 | E42: 20 | F42: 1kV-XLPE-Arm-CU | G42: 1x240 | H42: ÁREA GENERADORES | I42: 0 | J42: POTENCIA_BT | K42: CPF1 | L42: 1 | M42: SI | N42: 2 | O42: 2 | P42: 4 | Q42: POTENCIA BT GRANDE (≥95mm²) | R42: TABLERO/CCM
A43: P-670-TRE-010-R5 | B43: KBE-600J (G10\ | C43: 670-TRE-010 | D43: 380 | E43: 20 | F43: 1kV-XLPE-Arm-CU | G43: 1x240 | H43: ÁREA GENERADORES | I43: 0 | J43: POTENCIA_BT | K43: CPF1 | L43: 1 | M43: SI | N43: 2 | O43: 2 | P43: 4 | Q43: POTENCIA BT GRANDE (≥95mm²) | R43: TABLERO/CCM
... A73: P-670-TRE-011-S3 | B73: KBE-600K (G11\ | C73: 670-TRE-011 | D73: 380 | E73: 20 | F73: 1kV-XLPE-Arm-CU | G73: 1x240 | H73: ÁREA GENERADORES | I73: 0 | J73: POTENCIA_BT | K73: CPF1 | L73: 1 | M73: SI | N73: 2 | O73: 2 | P73: 4 | Q73: POTENCIA BT GRANDE (≥95mm²) | R73: TABLERO/CCM
A74: P-670-TRE-011-S4 | B74: KBE-600K (G11\ | C74: 670-TRE-011 | D74: 380 | E74: 20 | F74: 1kV-XLPE-Arm-CU | G74: 1x240 | H74: ÁREA GENERADORES | J74: POTENCIA_BT | K74: CPF1 | L74: 1 | M74: SI | N74: 2 | O74: 2 | P74: 4 | Q74: POTENCIA BT GRANDE (≥95mm²) | R74: TABLERO/CCM
A75: P-670-TRE-011-S5 | B75: KBE-600K (G11\ | C75: 670-TRE-011 | D75: 380 | E75: 20 | F75: 1kV-XLPE-Arm-CU | G75: 1x240 | H75: ÁREA GENERADORES | I75: 0 | J75: POTENCIA_BT | K75: CPF1 | L75: 1 | M75: SI | N75: 2 | O75: 2 | P75: 4 | Q75: POTENCIA BT GRANDE (≥95mm²) | R75: TABLERO/CCM
A76: P-670-TRE-011-S6 | B76: KBE-600K (G11\ | C76: 670-TRE-011 | D76: 380 | E76: 20 | F76: 1kV-XLPE-Arm-CU | G76: 1x240 | H76: ÁREA GENERADORES | I76: 0 | J76: POTENCIA_BT | K76: CPF1 | L76: 1 | M76: SI | N76: 2 | O76: 2 | P76: 4 | Q76: POTENCIA BT GRANDE (≥95mm²) | R76: TABLERO/CCM
A77: P-670-TRE-011-S7 | B77: KBE-600K (G11\ | C77: 670-TRE-011 | D77: 380 | E77: 20 | F77: 1kV-XLPE-Arm-CU | G77: 1x240 | H77: ÁREA GENERADORES | I77: 0 | J77: POTENCIA_BT | K77: CPF1 | L77: 1 | M77: SI | N77: 2 | O77: 2 | P77: 4 | Q77: POTENCIA BT GRANDE (≥95mm²) | R77: TABLERO/CCM
A78: P-670-TRE-011-S8 | B78: KBE-600K (G11\ | C78: 670-TRE-011 | D78: 380 | E78: 20 | F78: 1kV-XLPE-Arm-CU | G78: 1x240 | H78: ÁREA GENERADORES | I78: 0 | J78: POTENCIA_BT | K78: CPF1 | L78: 1 | M78: SI | N78: 2 | O78: 2 | P78: 4 | Q78: POTENCIA BT GRANDE (≥95mm²) | R78: TABLERO/CCM
A79: P-670-TRE-011-T1 | B79: KBE-600K (G11\ | C79: 670-TRE-011 | D79: 380 | E79: 20 | F79: 1kV-XLPE-Arm-CU | G79: 1x240 | H79: ÁREA GENERADORES | I79: 0 | J79: POTENCIA_BT | K79: CPF1 | L79: 1 | M79: SI | N79: 2 | O79: 2 | P79: 4 | Q79: POTENCIA BT GRANDE (≥95mm²) | R79: TABLERO/CCM
A80: P-670-TRE-011-T2 | B80: KBE-600K (G11\ | C80: 670-TRE-011 | D80: 380 | E80: 20 | F80: 1kV-XLPE-Arm-CU | G80: 1x240 | H80: ÁREA GENERADORES | I80: 0 | J80: POTENCIA_BT | K80: CPF1 | L80: 1 | M80: SI | N80: 2 | O80: 2 | P80: 4 | Q80: POTENCIA BT GRANDE (≥95mm²) | R80: TABLERO/CCM
A81: P-670-TRE-011-T3 | B81: KBE-600K (G11\ | C81: 670-TRE-011 | D81: 380 | E81: 20 | F81: 1kV-XLPE-Arm-CU | G81: 1x240 | H81: ÁREA GENERADORES | I81: 0 | J81: POTENCIA_BT | K81: CPF1 | L81: 1 | M81: SI | N81: 2 | O81: 2 | P81: 4 | Q81: POTENCIA BT GRANDE (≥95mm²) | R81: TABLERO/CCM
A82: P-670-TRE-011-T4 | B82: KBE-600K (G11\ | C82: 670-TRE-011 | D82: 380 | E82: 20 | F82: 1kV-XLPE-Arm-CU | G82: 1x240 | H82: ÁREA GENERADORES | I82: 0 | J82: POTENCIA_BT | K82: CPF1 | L82: 1 | M82: SI | N82: 2 | O82: 2 | P82: 4 | Q82: POTENCIA BT GRANDE (≥95mm²) | R82: TABLERO/CCM
A83: P-670-TRE-011-T5 | B83: KBE-600K (G11\ | C83: 670-TRE-011 | D83: 380 | E83: 20 | F83: 1kV-XLPE-Arm-CU | G83: 1x240 | H83: ÁREA GENERADORES | I83: 0 | J83: POTENCIA_BT | K83: CPF1 | L83: 1 | M83: SI | N83: 2 | O83: 2 | P83: 4 | Q83: POTENCIA BT GRANDE (≥95mm²) | R83: TABLERO/CCM
A84: P-670-TRE-011-T6 | B84: KBE-600K (G11\ | C84: 670-TRE-011 | D84: 380 | E84: 20 | F84: 1kV-XLPE-Arm-CU | G84: 1x240 | H84: ÁREA GENERADORES | I84: 0 | J84: POTENCIA_BT | K84: CPF1 | L84: 1 | M84: SI | N84: 2 | O84: 2 | P84: 4 | Q84: POTENCIA BT GRANDE (≥95mm²) | R84: TABLERO/CCM
A85: P-670-TRE-011-T7 | B85: KBE-600K (G11\ | C85: 670-TRE-011 | D85: 380 | E85: 20 | F85: 1kV-XLPE-Arm-CU | G85: 1x240 | H85: ÁREA GENERADORES | I85: 0 | J85: POTENCIA_BT | K85: CPF1 | L85: 1 | M85: SI | N85: 2 | O85: 2 | P85: 4 | Q85: POTENCIA BT GRANDE (≥95mm²) | R85: TABLERO/CCM
A86: P-670-TRE-011-T8 | B86: KBE-600K (G11\ | C86: 670-TRE-011 | D86: 380 | E86: 20 | F86: 1kV-XLPE-Arm-CU | G86: 1x240 | H86: ÁREA GENERADORES | I86: A | J86: POTENCIA_BT | K86: CPF1 | L86: 1 | M86: SI | N86: 2 | O86: 2 | P86: 4 | Q86: POTENCIA BT GRANDE (≥95mm²) | R86: TABLERO/CCM
... A106: MC-PMS-TCA11-GE-11 | B106: TCA10-GE-10 | C106: TCA11-GE-11 | D106: - | E106: 15 | F106: 300 V - Arm - BG | G106: 1x2x0,5 | H106: ÁREA GENERADORES | I106: 0 | J106: SEÑAL | K106: CPF1 | L106: 2 | M106: SI | N106: 4 | O106: 2 | P106: 6 | Q106: SEÑAL / INSTRUMENTO | R106: TABLERO/CCM
A107: C-670-REC-010 | B107: 670-TRE-010 | C107: 670-REC-010 | D107: 110 | E107: 15 | F107: 1kV-XLPE-Arm-CU | G107: 7x2,5 | H107: ÁREA GENERADORES | J107: CONTROL | K107: CPF1 | L107: 7 | M107: SI | N107: 14 | O107: 2 | P107: 16 | Q107: CONTROL | R107: TABLERO/CCM
A108: C-670-REC-011 | B108: 670-TRE-011 | C108: 670-REC-011 | D108: 110 | E108: 15 | F108: 1kV-XLPE-Arm-CU | G108: 7x2,5 | H108: SEÑALES | J108: CONTROL | K108: CPF1 | L108: 7 | M108: SI | N108: 14 | O108: 2 | P108: 16 | Q108: CONTROL | R108: OTROS/VERIFICAR
A109: C-670-SOM-010 | B109: 670-SOM-010 | C109: 670-SOM-010 | D109: 110 | E109: 15 | F109: 1kV-XLPE-Arm-CU | G109: 7x2,5 | H109: SEÑALES | J109: CONTROL | K109: CPF1 | L109: 7 | M109: SI | N109: 14 | O109: 2 | P109: 16 | Q109: CONTROL | R109: OTROS/VERIFICAR
A110: C-670-SOM-011 | B110: 670-SOM-011 | C110: 670-SOM-011 | D110: 110 | E110: 15 | F110: 1kV-XLPE-Arm-CU | G110: 7x2,5 | H110: SEÑALES | J110: CONTROL | K110: CPF1 | L110: 7 | M110: SI | N110: 14 | O110: 2 | P110: 16 | Q110: CONTROL | R110: OTROS/VERIFICAR
A111: C-TCA10-GE-10 - TRIP | B111: 670-REC-010 | C111: TCA10-GE-10 | D111: 110 | E111: 20 | F111: 1kV-XLPE-Arm-CU | G111: 2x2,5 | H111: SEÑALES | J111: CONTROL | K111: CPF1 | L111: 2 | M111: SI | N111: 4 | O111: 2 | P111: 6 | Q111: CONTROL | R111: OTROS/VERIFICAR
A112: C-TCA10-GE-10 - TRIP | B112: 670-REC-011 | C112: TCA11-GE-11 | D112: 110 | E112: 20 | F112: 1kV-XLPE-Arm-CU | G112: 2x2,5 | H112: SEÑALES | J112: CONTROL | K112: CPF1 | L112: 2 | M112: SI | N112: 4 | O112: 2 | P112: 6 | Q112: CONTROL | R112: OTROS/VERIFICAR
A113: C-670-TRE-010-TC | B113: 670-REC-010 | C113: 670-TRE-010-TC | D113: 110 | E113: 20 | F113: 1kV-XLPE-Arm-T-CU | G113: 3x2,5+T | H113: SEÑALES | J113: CONTROL | K113: CPF1 | L113: 4 | M113: SI | N113: 8 | O113: 2 | P113: 10 | Q113: CONTROL | R113: OTROS/VERIFICAR
A114: C-670-TRE-011-TC | B114: 670-REC-011 | C114: 670-TRE-011-TC | D114: 110 | E114: 20 | F114: 1kV-XLPE-Arm-T-CU | G114: 3x2,5+T | H114: SEÑALES | J114: CONTROL | K114: CPF1 | L114: 4 | M114: SI | N114: 8 | O114: 2 | P114: 10 | Q114: CONTROL | R114: OTROS/VERIFICAR
A115: P-670-REC-010-R1 | B115: 670-TRE-010 | C115: 670-REC-010 | D115: 13200 | E115: 20 | F115: 13,2kV-XLPE-Arm-B-CU | G115: 1x70 | H115: SEÑALES | I115: 0 | J115: POTENCIA_MT | K115: CPF1 | L115: 1 | M115: SI | N115: 2 | O115: 2 | P115: 4 | Q115: POTENCIA MT (>1kV) | R115: OTROS/VERIFICAR
A116: P-670-REC-010-S1 | B116: 670-TRE-010 | C116: 670-REC-010 | D116: 13200 | E116: 20 | F116: 13,2kV-XLPE-Arm-B-CU | G116: 1x70 | H116: SEÑALES | I116: 0 | J116: POTENCIA_MT | K116: CPF1 | L116: 1 | M116: SI | N116: 2 | O116: 2 | P116: 4 | Q116: POTENCIA MT (>1kV) | R116: OTROS/VERIFICAR
A117: P-670-REC-010-T1 | B117: 670-TRE-010 | C117: 670-REC-010 | D117: 13200 | E117: 20 | F117: 13,2kV-XLPE-Arm-B-CU | G117: 1x70 | H117: SEÑALES | I117: 0 | J117: POTENCIA_MT | K117: CPF1 | L117: 1 | M117: SI | N117: 2 | O117: 2 | P117: 4 | Q117: POTENCIA MT (>1kV) | R117: OTROS/VERIFICAR
A118: P-670-REC-011-R1 | B118: 670-TRE-011 | C118: 670-REC-011 | D118: 13200 | E118: 20 | F118: 13,2kV-XLPE-Arm-B-CU | G118: 1x70 | H118: SEÑALES | I118: 0 | J118: POTENCIA_MT | K118: CPF1 | L118: 1 | M118: SI | N118: 2 | O118: 2 | P118: 4 | Q118: POTENCIA MT (>1kV) | R118: OTROS/VERIFICAR
A119: P-670-REC-011-S1 | B119: 670-TRE-011 | C119: 670-REC-011 | D119: 13200 | E119: 20 | F119: 13,2kV-XLPE-Arm-B-CU | G119: 1x70 | H119: SEÑALES | I119: 0 | J119: POTENCIA_MT | K119: CPF1 | L119: 1 | M119: SI | N119: 2 | O119: 2 | P119: 4 | Q119: POTENCIA MT (>1kV) | R119: OTROS/VERIFICAR
A120: P-670-REC-011-T1 | B120: 670-TRE-011 | C120: 670-REC-011 | D120: 13200 | E120: 20 | F120: 13,2kV-XLPE-Arm-B-CU | G120: 1x70 | H120: SEÑALES | I120: 0 | J120: POTENCIA_MT | K120: CPF1 | L120: 1 | M120: SI | N120: 2 | O120: 2 | P120: 4 | Q120: POTENCIA MT (>1kV) | R120: OTROS/VERIFICAR
A121: FO-670-REC-010 | B121: 670-REC-009 | C121: 670-REC-010 | D121: - | E121: 40 | F121: F.O. multimodo | G121: F.O. | H121: SEÑALES | I121: Red de comunicación de protecciones de reconectadores 0 | J121: FO | K121: CPF1 | L121: 2 | M121: NO | N121: 4 | O121: 0 | P121: 4 | Q121: FO / ETHERNET | R121: OTROS/VERIFICAR
A122: FO-670-REC-011 | B122: 670-REC-010 | C122: 670-REC-011 | D122: - | E122: 40 | F122: F.O. multimodo | G122: F.O. | H122: SEÑALES | I122: Red de comunicación de protecciones de reconectadores | J122: FO | K122: CPF1 | L122: 2 | M122: NO | N122: 4 | O122: 0 | P122: 4 | Q122: FO / ETHERNET | R122: OTROS/VERIFICAR
A123: P-102-TGMT-001A | B123: 670-TGMT-001-K01 | C123: 102-TGMT-001A | D123: 13200 | E123: 350 | F123: 13,2kV-XLPE-Arm-B-CU | G123: 3x95 | H123: SALA ELÉCTRICA 4 | I123: 0 | J123: POTENCIA_MT | K123: CPF2 | L123: 3 | M123: SI | N123: 6 | O123: 2 | P123: 8 | Q123: POTENCIA MT (>1kV) | R123: TABLERO/CCM
A124: P-102-TGMT-001B | B124: 670-TGMT-001-K14 | C124: 102-TGMT-001B | D124: 13200 | E124: 350 | F124: 13,2kV-XLPE-Arm-B-CU | G124: 3x95 | H124: SALA ELÉCTRICA 4 | I124: 0 | J124: POTENCIA_MT | K124: CPF2 | L124: 3 | M124: SI | N124: 6 | O124: 2 | P124: 8 | Q124: POTENCIA MT (>1kV) | R124: TABLERO/CCM
A125: P-102-TRMT-001A | B125: 102-TGMT-001-K02 | C125: 102-TRMT-001A | D125: 13200 | E125: 15 | F125: 13,2kV-XLPE-Arm-B-CU | G125: 3x95 | H125: SALA ELÉCTRICA 4 | I125: 0 | J125: POTENCIA_MT | K125: CPF2 | L125: 3 | M125: SI | N125: 6 | O125: 2 | P125: 8 | Q125: POTENCIA MT (>1kV) | R125: TABLERO/CCM
A126: P-102-TRMT-001B | B126: 102-TGMT-001-K11 | C126: 102-TRMT-001B | D126: 13200 | E126: 15 | F126: 13,2kV-XLPE-Arm-B-CU | G126: 3x95 | H126: SALA ELÉCTRICA 4 | I126: 0 | J126: POTENCIA_MT | K126: CPF2 | L126: 3 | M126: SI | N126: 6 | O126: 2 | P126: 8 | Q126: POTENCIA MT (>1kV) | R126: TABLERO/CCM
... A192: P-M-EAL-23310 C2 | B192: 102-CCM-007 | C192: M-EAL-23310 C2 | D192: 380 | E192: 250 | F192: 1kV-XLPE-Arm-CU | G192: 3x6 | H192: SALA ELÉCTRICA 3 | I192: PLAN DE SELLO BOMBA DE CONDENSADO | J192: POTENCIA_BT | K192: CPF2 | L192: 3 | M192: SI | N192: 6 | O192: 2 | P192: 8 | Q192: POTENCIA BT MUY PEQ (<10mm²) | R192: MOTOR/ACCIONAMIENTO
A193: P-M-14017A | B193: 102-CCM-005 | C193: M-14017A | D193: 380 | E193: 150 | F193: 1kV-XLPE-Arm-CU | G193: 3x35 | H193: SALA ELÉCTRICA 3 | J193: POTENCIA_BT | K193: CPF2 | L193: 3 | M193: SI | N193: 6 | O193: 2 | P193: 8 | Q193: POTENCIA BT MEDIANA (35-70mm²) | R193: TABLERO/CCM
A194: P-M-14017B | B194: 102-CCM-005 | C194: M-14017B | D194: 380 | E194: 150 | F194: 1kV-XLPE-Arm-CU | G194: 3x35 | H194: GLYCOL PUMPS - PUMP "A" - Area 140 | J194: POTENCIA_BT | K194: CPF2 | L194: 3 | M194: SI | N194: 6 | O194: 2 | P194: 8 | Q194: POTENCIA BT MEDIANA (35-70mm²) | R194: OTROS/VERIFICAR
A195: P-M-14018B | B195: 102-CCM-005 | C195: M-14018B | D195: 380 | E195: 150 | F195: 1kV-XLPE-Arm-B-CU | G195: 3x6 | H195: GLYCOL PUMPS - PUMP "B" - Area 140 | J195: POTENCIA_BT | K195: CPF2 | L195: 3 | M195: SI | N195: 6 | O195: 2 | P195: 8 | Q195: POTENCIA BT MUY PEQ (<10mm²) | R195: OTROS/VERIFICAR
A196: P-M-14020A | B196: 102-CCM-005 | C196: M-14020A | D196: 380 | E196: 150 | F196: 1kV-XLPE-Arm-CU | G196: 3x4 | H196: REGEN GAS AIR COOLER - Area 140 | J196: POTENCIA_BT | K196: CPF2 | L196: 3 | M196: SI | N196: 6 | O196: 2 | P196: 8 | Q196: POTENCIA BT MUY PEQ (<10mm²) | R196: OTROS/VERIFICAR
A197: P-M-14020B | B197: 102-CCM-005 | C197: M-14020B | D197: 380 | E197: 150 | F197: 1kV-XLPE-Arm-CU | G197: 3x4 | H197: REGEN WATER PUMPS - PUMP "A" - Area 140 | J197: POTENCIA_BT | K197: CPF2 | L197: 3 | M197: SI | N197: 6 | O197: 2 | P197: 8 | Q197: POTENCIA BT MUY PEQ (<10mm²) | R197: OTROS/VERIFICAR
A198: P-M-26005A | B198: 102-CCM-005 | C198: M-26005A | D198: 380 | E198: 150 | F198: 1kV-XLPE-Arm-CU | G198: 3x16 | H198: REGEN WATER PUMPS - PUMP "B" - Area 140 | J198: POTENCIA_BT | K198: CPF2 | L198: 3 | M198: SI | N198: 6 | O198: 2 | P198: 8 | Q198: POTENCIA BT PEQUEÑA (10-25mm²) | R198: OTROS/VERIFICAR
A199: P-M-26005B | B199: 102-CCM-005 | C199: M-26005B | D199: 380 | E199: 150 | F199: 1kV-XLPE-Arm-CU | G199: 3x16 | H199: WATER WASH RECYCLE PUMP "A" - Area 260 | J199: POTENCIA_BT | K199: CPF2 | L199: 3 | M199: SI | N199: 6 | O199: 2 | P199: 8 | Q199: POTENCIA BT PEQUEÑA (10-25mm²) | R199: OTROS/VERIFICAR
A200: P-M-26011A | B200: 102-CCM-005 | C200: M-26011A | D200: 380 | E200: 150 | F200: 1kV-XLPE-Arm-CU | G200: 3x50 | H200: WATER WASH RECYCLE PUMP "B" - Area 260 | J200: POTENCIA_BT | K200: CPF2 | L200: 3 | M200: SI | N200: 6 | O200: 2 | P200: 8 | Q200: POTENCIA BT MEDIANA (35-70mm²) | R200: OTROS/VERIFICAR
A201: P-M-26011B | B201: 102-CCM-005 | C201: M-26011B | D201: 380 | E201: 150 | F201: 1kV-XLPE-Arm-CU | G201: 3x50 | H201: CONDENSATE COOLER - Area 260 | J201: POTENCIA_BT | K201: CPF2 | L201: 3 | M201: SI | N201: 6 | O201: 2 | P201: 8 | Q201: POTENCIA BT MEDIANA (35-70mm²) | R201: OTROS/VERIFICAR
A202: P-M-26012 | B202: 102-CCM-005 | C202: M-26012 | D202: 380 | E202: 150 | F202: 1kV-XLPE-Arm-CU | G202: 3x16 | H202: CONDENSATE COOLER - Area 260 | J202: POTENCIA_BT | K202: CPF2 | L202: 3 | M202: SI | N202: 6 | O202: 2 | P202: 8 | Q202: POTENCIA BT PEQUEÑA (10-25mm²) | R202: OTROS/VERIFICAR
A203: P-M-29002A | B203: 102-CCM-005 | C203: M-29002A | D203: 380 | E203: 200 | F203: 1kV-XLPE-Arm-CU | G203: 3x6 | H203: CONDENSATE RECYCLE PUMP - Area 260 | I203: Off Gas Common Suction Drum Pump A-Area 290 | J203: POTENCIA_BT | K203: CPF2 | L203: 3 | M203: SI | N203: 6 | O203: 2 | P203: 8 | Q203: POTENCIA BT MUY PEQ (<10mm²) | R203: MOTOR/ACCIONAMIENTO
A204: P-M-29002B | B204: 102-CCM-005 | C204: M-29002B | D204: 380 | E204: 200 | F204: 1kV-XLPE-Arm-CU | G204: 3x6 | H204: CONDENSATE RECYCLE PUMP - Area 260 | I204: Off Gas Common Suction Drum Pump B-Area 290 | J204: POTENCIA_BT | K204: CPF2 | L204: 3 | M204: SI | N204: 6 | O204: 2 | P204: 8 | Q204: POTENCIA BT MUY PEQ (<10mm²) | R204: MOTOR/ACCIONAMIENTO
A205: P-M-29112A | B205: 102-CCM-005 | C205: M-29112A | D205: 380 | E205: 180 | F205: 1kV-XLPE-Arm-B-CU | G205: 3x10 | H205: CONDENSATE RECYCLE PUMP - Area 260 | J205: POTENCIA_BT | K205: CPF2 | L205: 3 | M205: SI | N205: 6 | O205: 2 | P205: 8 | Q205: POTENCIA BT PEQUEÑA (10-25mm²) | R205: OTROS/VERIFICAR
A206: P-M-29112B | B206: 102-CCM-005 | C206: M-29112B | D206: 380 | E206: 180 | F206: 1kV-XLPE-Arm-B-CU | G206: 3x10 | H206: Off Gas 1St Stage intercooler - Área 291 | J206: POTENCIA_BT | K206: CPF2 | L206: 3 | M206: SI | N206: 6 | O206: 2 | P206: 8 | Q206: POTENCIA BT PEQUEÑA (10-25mm²) | R206: OTROS/VERIFICAR
A207: P-M-29132A | B207: 102-CCM-005 | C207: M-29132A | D207: 380 | E207: 180 | F207: 1kV-XLPE-Arm-B-CU | G207: 3x35 | H207: Off Gas 2St Stage intercooler - Área 291 | J207: POTENCIA_BT | K207: CPF2 | L207: 3 | M207: SI | N207: 6 | O207: 2 | P207: 8 | Q207: POTENCIA BT MEDIANA (35-70mm²) | R207: OTROS/VERIFICAR
A208: P-M-29132B | B208: 102-CCM-005 | C208: M-29132B | D208: 380 | E208: 180 | F208: 1kV-XLPE-Arm-B-CU | G208: 3x35 | H208: Sales Gas Compressor Cooler Fan A - Área 291 | J208: POTENCIA_BT | K208: CPF2 | L208: 3 | M208: SI | N208: 6 | O208: 2 | P208: 8 | Q208: POTENCIA BT MEDIANA (35-70mm²) | R208: OTROS/VERIFICAR
A209: P-M-29185 | B209: 102-CCM-005 | C209: M-29185 | D209: 380 | E209: 180 | F209: 1kV-XLPE-Arm-CU | G209: 3x35 | H209: Sales Gas Compressor Cooler Fan B - Área 291 | J209: POTENCIA_BT | K209: CPF2 | L209: 3 | M209: SI | N209: 6 | O209: 2 | P209: 8 | Q209: POTENCIA BT MEDIANA (35-70mm²) | R209: OTROS/VERIFICAR
A210: P-M-29186 | B210: 102-CCM-005 | C210: M-29186 | D210: 380 | E210: 180 | F210: 1kV-XLPE-Arm-CU | G210: 3x35 | H210: Engine Aux Water Cooler Fan - Área 291 | J210: POTENCIA_BT | K210: CPF2 | L210: 3 | M210: SI | N210: 6 | O210: 2 | P210: 8 | Q210: POTENCIA BT MEDIANA (35-70mm²) | R210: OTROS/VERIFICAR
A211: P-M-29212A | B211: 102-CCM-005 | C211: M-29212A | D211: 380 | E211: 160 | F211: 1kV-XLPE-Arm-B-CU | G211: 3x10 | H211: Engine Jacket Water Cooler Fan - Área 291 | J211: POTENCIA_BT | K211: CPF2 | L211: 3 | M211: SI | N211: 6 | O211: 2 | P211: 8 | Q211: POTENCIA BT PEQUEÑA (10-25mm²) | R211: OTROS/VERIFICAR
A212: P-M-29212B | B212: 102-CCM-005 | C212: M-29212B | D212: 380 | E212: 160 | F212: 1kV-XLPE-Arm-B-CU | G212: 3x10 | H212: Off Gas 1St Stage intercooler - Área 292 | J212: POTENCIA_BT | K212: CPF2 | L212: 3 | M212: SI | N212: 6 | O212: 2 | P212: 8 | Q212: POTENCIA BT PEQUEÑA (10-25mm²) | R212: OTROS/VERIFICAR
A213: P-M-29232A | B213: 102-CCM-005 | C213: M-29232A | D213: 380 | E213: 160 | F213: 1kV-XLPE-Arm-B-CU | G213: 3x35 | H213: Off Gas 2St Stage intercooler - Área 292 | J213: POTENCIA_BT | K213: CPF2 | L213: 3 | M213: SI | N213: 6 | O213: 2 | P213: 8 | Q213: POTENCIA BT MEDIANA (35-70mm²) | R213: OTROS/VERIFICAR
...

Sheet 2_Resumen_Formaciones
A1: FORMACION | B1: CONST | C1: TIPO | D1: CANT_CABLES | E1: METROS_TOTAL | F1: CPF1_m | G1: CPF2_m | H1: % CPF2
A2: 7x2,5+T | B2: 1kV-XLPE-Arm-T-CU | C2: CONTROL | D2: 96 | E2: 17390 | F2: 0 | G2: 17390 | H2: 100
A3: 2x4 | B3: 1kV-XLPE-Arm-CU | C3: POTENCIA_BT | D3: 105 | E3: 10905 | F3: 540 | G3: 10365 | H3: 95
A4: 2x2,5 | B4: 1kV-XLPE-Arm-CU | C4: CONTROL | D4: 39 | E4: 7270 | F4: 200 | G4: 7070 | H4: 97.2
A5: 2x6 | B5: 1kV-XLPE-Arm-CU | C5: POTENCIA_BT | D5: 15 | E5: 4480 | F5: 0 | G5: 4480 | H5: 100
A6: 3x240 | B6: 1kV-XLPE-Arm-CU | C6: POTENCIA_BT | D6: 23 | E6: 4050 | F6: 0 | G6: 4050 | H6: 100
A7: 3x120/70 | B7: 1kV-XLPE-Arm-CU | C7: POTENCIA_BT | D7: 8 | E7: 4000 | F7: 0 | G7: 4000 | H7: 100
A8: 4x4 | B8: 1kV-XLPE-CU | C8: POTENCIA_BT | D8: 20 | E8: 3860 | F8: 130 | G8: 3730 | H8: 96.6
A9: 4x10+T | B9: 1kV-XLPE-Arm-T-RF-CU | C9: POTENCIA_BT | D9: 24 | E9: 3560 | F9: 0 | G9: 3560 | H9: 100
A10: 3x35 | B10: 1kV-XLPE-Arm-CU | C10: POTENCIA_BT | D10: 16 | E10: 2960 | F10: 0 | G10: 2960 | H10: 100
A11: 3x50 | B11: 1kV-XLPE-Arm-CU | C11: POTENCIA_BT | D11: 10 | E11: 2700 | F11: 0 | G11: 2700 | H11: 100
A12: 3x6 | B12: 1kV-XLPE-Arm-CU | C12: POTENCIA_BT | D12: 11 | E12: 2350 | F12: 0 | G12: 2350 | H12: 100
A13: 3x16 | B13: 1kV-XLPE-Arm-CU | C13: POTENCIA_BT | D13: 9 | E13: 2290 | F13: 0 | G13: 2290 | H13: 100
... A33: 7x2,5 | B33: 1kV-XLPE-Arm-CU | C33: CONTROL | D33: 10 | E33: 290 | F33: 290 | G33: 0 | H33: 0
A34: 15 | C34: CONTROL | D34: 9 | E34: 216 | F34: 0 | G34: 216 | H34: 100
A35: 3x2,5 | B35: 1kV-XLPE-Arm-CU | C35: CONTROL | D35: 6 | E35: 160 | F35: 160 | G35: 0 | H35: 0
A36: 3x95/50 | B36: 1kV-XLPE-Arm-CU | C36: POTENCIA_BT | D36: 4 | E36: 160 | F36: 0 | G36: 160 | H36: 100
A37: 1x70 | B37: 13,2kV-XLPE-Arm-B-CU | C37: POTENCIA_MT | D37: 6 | E37: 120 | F37: 120 | G37: 0 | H37: 0
A38: 2x4+T | B38: 1kV-XLPE-Arm-T-CU | C38: POTENCIA_BT | D38: 1 | E38: 100 | F38: 100 | G38: 0 | H38: 0
A39: 3x150 | B39: 1kV-XLPE-RF-CU | C39: POTENCIA_BT | D39: 5 | E39: 100 | F39: 0 | G39: 100 | H39: 100
A40: 3x150/70 | B40: 1kV-XLPE-CU | C40: POTENCIA_BT | D40: 4 | E40: 80 | F40: 0 | G40: 80 | H40: 100
A41: 2x25 | B41: 1kV-XLPE-CU | C41: CONTROL | D41: 2 | E41: 80 | F41: 0 | G41: 80 | H41: 100
A42: 3x50/25 | B42: 1kV-XLPE-Arm-CU | C42: POTENCIA_BT | D42: 1 | E42: 60 | F42: 0 | G42: 60 | H42: 100
A43: 2x95 | B43: 1kV-XLPE-RF-CU | C43: CONTROL | D43: 5 | E43: 50 | F43: 0 | G43: 50 | H43: 100
A44: 3x2,5+T | B44: 1kV-XLPE-Arm-T-CU | C44: CONTROL | D44: 2 | E44: 40 | F44: 40 | G44: 0 | H44: 0
A45: 1x2x0,5 | B45: 300 V - Arm - BG | C45: SEÑAL | D45: 2 | E45: 30 | F45: 30 | G45: 0 | H45: 0
A46: 3x240/120 | B46: 1kV-XLPE-CU | C46: POTENCIA_BT | D46: 1 | E46: 20 | F46: 0 | G46: 20 | H46: 100
... A50: 2x2x0,5 | B50: 300 V - Arm - BG/BI | C50: SEÑAL | D50: 6 | E50: 0 | F50: 0 | G50: 0 | H50: 0
A51: TOTAL | D51: 633 | E51: 85881 | F51: 4650 | G51: 81231 | H51: 94.6

Sheet 3_Cargas_CPF2
A1: TAG_EQUIPO | B1: DESCRIPCION | C1: TENSION_V | D1: CCM_ALIMENTADOR | E1: FORMACION_POTENCIA | F1: LONGITUD_m | G1: AREA | H1: TIPO_CARGA
A2: 102-BB-001A | C2: 220 | D2: 102-UPS-001-A | E2: 2x120 | F2: 10 | G2: SALA ELÉCTRICA 4 | H2: INSTRUMENTO
A3: 102-BB-001B | C3: 220 | D3: 102-UPS-001-B | E3: 2x120 | F3: 10 | G3: SALA ELÉCTRICA 3 | H3: INSTRUMENTO
A4: 102-BY-001 | C4: 380 | D4: 102-CCM-006 | E4: 3x150 | F4: 20 | G4: SALA ELÉCTRICA 3 | H4: INSTRUMENTO
A5: 102-CCM-005AUX1 | B5: ALIMENTACIÓN AUXILIAR CCM-005 0 | C5: 220 | D5: 102-DP-001UPS-A | E5: 2x4 | F5: 20 | G5: SALA ELÉCTRICA 4 | H5: SSAA
A6: 102-CCM-005AUX2 | B6: ALIMENTACIÓN AUXILIAR CCM-005 0 | C6: 220 | D6: 102-DP-001UPS-B | E6: 2x4 | F6: 20 | G6: SALA ELÉCTRICA 4 | H6: SSAA
A7: 102-CCM-005AUX3 | B7: ALIMENTACIÓN AUXILIAR CCM-005 0 | C7: 220 | D7: 102-DP-001UPS-A | E7: 2x4 | F7: 20 | G7: SALA ELÉCTRICA 4 | H7: SSAA
A8: 102-CCM-005AUX4 | B8: ALIMENTACIÓN AUXILIAR CCM-005 0 | C8: 220 | D8: 102-DP-001UPS-B | E8: 2x4 | F8: 20 | G8: SALA ELÉCTRICA 4 | H8: SSAA
A9: 102-CCM-006AUX1 | B9: ALIMENTACIÓN AUXILIAR CCM-006 0 | C9: 220 | D9: 102-DP-001UPS-A | E9: 2x4 | F9: 20 | G9: SALA ELÉCTRICA 4 | H9: SSAA
A10: 102-CCM-006AUX2 | B10: ALIMENTACIÓN AUXILIAR CCM-006 0 | C10: 220 | D10: 102-DP-001UPS-B | E10: 2x4 | F10: 20 | G10: SALA ELÉCTRICA 4 | H10: SSAA
A11: 102-CCM-006AUX3 | B11: ALIMENTACIÓN AUXILIAR CCM-006 0 | C11: 220 | D11: 102-DP-001UPS-A | E11: 2x4 | F11: 20 | G11: SALA ELÉCTRICA 4 | H11: SSAA
A12: 102-CCM-006AUX4 | B12: ALIMENTACIÓN AUXILIAR CCM-006 0 | C12: 220 | D12: 102-DP-001UPS-B | E12: 2x4 | F12: 20 | G12: SALA ELÉCTRICA 4 | H12: SSAA
A13: 102-CCM-006AUX5 | B13: ALIMENTACIÓN AUXILIAR CCM-006 0 | C13: 220 | D13: 102-DP-001UPS-A | E13: 2x4 | F13: 20 | G13: SALA ELÉCTRICA 4 | H13: SSAA
A14: 102-CCM-006AUX6 | B14: ALIMENTACIÓN AUXILIAR CCM-006 0 | C14: 220 | D14: 102-DP-001UPS-B | E14: 2x4 | F14: 20 | G14: SALA ELÉCTRICA 4 | H14: SSAA
A15: 102-CCM-007AUX1 | B15: ALIMENTACIÓN AUXILIAR CCM-007 0 | C15: 220 | D15: 102-DP-001UPS-A | E15: 2x4 | F15: 20 | G15: SALA ELÉCTRICA 4 | H15: SSAA
A16: 102-CCM-007AUX2 | B16: ALIMENTACIÓN AUXILIAR CCM-007 0 | C16: 220 | D16: 102-DP-001UPS-B | E16: 2x4 | F16: 20 | G16: SALA ELÉCTRICA 4 | H16: SSAA
... A18: 102-CCM-007AUX4 | B18: ALIMENTACIÓN AUXILIAR CCM-007 0 | C18: 220 | D18: 102-DP-001UPS-B | E18: 2x4 | F18: 20 | G18: SALA ELÉCTRICA 4 | H18: SSAA
A19: 102-DP-001 | C19: 380 | D19: 102-CCM-006 | E19: 3x150/70 | F19: 20 | G19: SALA ELÉCTRICA 4 | H19: CONTROL
A20: 102-DP-001-TRA | B20: TABLERO DE DISTRIBUCIÓN TRACING 0 | C20: 380 | D20: 102-CCM-006 | E20: 3x240/120 | F20: 20 | G20: Compressor KIM HS Prelube Heater - Área 293 | H20: CONTROL
A21: 102-DP-001UPS-A | C21: 220 | D21: 102-UPS-001-A | E21: 2x95 | F21: 10 | G21: SALA ELÉCTRICA 4 | H21: SSAA
A22: 102-DP-001UPS-B | C22: 220 | D22: 102-UPS-001-B | E22: 2x95 | F22: 10 | G22: SALA ELÉCTRICA 3 | H22: SSAA
A23: 102-DP-101 | C23: 380 | D23: 102-CCM-006 | E23: 3x25/16 | F23: 60 | G23: SALA ELÉCTRICA 3 | H23: CONTROL
A24: 102-DP-101UPS-A | C24: 220 | D24: 102-DP-001UPS-A | E24: 2x10 | F24: 60 | G24: SALA ELÉCTRICA 3 | H24: SSAA
A25: 102-DP-101UPS-B | C25: 220 | D25: 102-DP-001UPS-B | E25: 2x10 | F25: 60 | G25: SALA ELÉCTRICA 3 | H25: SSAA
A26: 102-DP-471-A | C26: 220 | D26: 102-DP-001UPS-A | E26: 2x35 | F26: 80 | G26: SALA ELÉCTRICA 3 | H26: CONTROL
A27: 102-DP-471-B | C27: 220 | D27: 102-DP-001UPS-B | E27: 2x35 | F27: 80 | G27: SALA ELÉCTRICA 4 | H27: CONTROL
A28: 102-DP-472 | C28: 380 | D28: 102-CCM-006 | E28: 3x25/16 | F28: 80 | G28: SALA ELÉCTRICA 3 | H28: CONTROL
A29: 102-DP-473A | B29: Tablero Conversión 220VAC/24VCC (Alimentador A\ 0 | C29: 220 | D29: 102-DP-471 | E29: 2x16 | F29: 10 | G29: Iluminación ext. emergencia - Área KOD | H29: CONTROL
A30: 102-DP-473B | B30: Tablero Conversión 220VAC/24VCC (Alimentador B\ 0 | C30: 220 | D30: 102-DP-471 | E30: 2x16 | F30: 10 | G30: Iluminación ext. emergencia - Área KOD | H30: CONTROL
A31: 102-DP-VFD-23310 A | B31: BOMBA DE CONDENSADO 0 | C31: 6600 | D31: 102-TGMT-002 | E31: 3x25 | F31: 20 | G31: SALA ELÉCTRICA 4 | H31: VFD_MT
A32: 102-DP-VFD-23310 B | B32: BOMBA DE CONDENSADO 0 | C32: 6600 | D32: 102-TGMT-002 | E32: 3x25 | F32: 20 | G32: SALA ELÉCTRICA 4 | H32: VFD_MT
A33: 102-DP-VFD-23310 C | B33: BOMBA DE CONDENSADO 0 | C33: 6600 | D33: 102-TGMT-002 | E33: 3x25 | F33: 20 | G33: SALA ELÉCTRICA 4 | H33: VFD_MT
A34: 102-DP-VFD-24210 A | B34: BOMBA DE INYECCION DE AGUA | C34: 460 | D34: 102-TR-24210 A | E34: 3x240 | F34: 30 | G34: SALA ELÉCTRICA 3 | H34: VFD_BT
A35: 102-DP-VFD-24210 B | B35: BOMBA DE INYECCION DE AGUA 0 | C35: 460 | D35: 102-TR-24210 B | E35: 3x240 | F35: 30 | G35: SALA ELÉCTRICA 3 | H35: VFD_BT
A36: 102-DP-VFD-24210 C | B36: BOMBA DE INYECCION DE AGUA 0 | C36: 460 | D36: 102-TR-24210 C | E36: 3x240 | F36: 30 | G36: SALA ELÉCTRICA 3 | H36: VFD_BT
A37: 102-HVAC-001 | C37: 380 | D37: 102-CCM-006 | E37: 3x95/50 | F37: 20 | G37: Compressor KIM HS Prelube Heater - Área 293 | H37: INSTRUMENTO
A38: 102-HVAC-101 | C38: 380 | D38: 102-CCM-006 | E38: 3x95/50 | F38: 60 | G38: SALA ELÉCTRICA 3 | H38: INSTRUMENTO
A39: 102-JBI-001 | C39: 380 | D39: 102-LP-001 | E39: 4x10+T | F39: 150 | G39: SALA ELÉCTRICA 3 | H39: ILUMINACION
A40: 102-JBI-002 | B40: Iluminación ext. normal - Áreas Unidad Trat de Condensado 260 y Efluentes | C40: 380 | D40: 102-LP-001 | E40: 4x10+T | F40: 130 | G40: Iluminación ext. normal - Área PTA | H40: ILUMINACION
A41: 102-JBI-003 | C41: 380 | D41: 102-LP-001 | E41: 4x10+T | F41: 220 | G41: Iluminación ext. normal - Área PTA | H41: ILUMINACION
A42: 102-JBI-004 | B42: Iluminación ext. normal - Áreas Unidad Proc de Gas 140 y Skid Gas Comb | C42: 380 | D42: 102-LP-001 | E42: 4x10+T | F42: 150 | G42: Iluminación ext. normal - Área 942 HOT OIL | H42: ILUMINACION
A43: 102-JBI-005 | B43: Iluminación ext. normal - Áreas Compresores 291/292/293 y Serv. Comp A | C43: 380 | D43: 102-LP-001 | E43: 4x10+T | F43: 130 | G43: Iluminación ext. normal - Área 942 HOT OIL | H43: MOTOR_BT
A44: 102-JBI-006 | B44: Iluminación ext. normal - Áreas Almacenamiento de cond e Iny. De Agua A | C44: 380 | D44: 102-LP-001 | E44: 4x10+T | F44: 200 | G44: Iluminación ext. normal - Área 942 HOT OIL | H44: ILUMINACION
A45: 102-JBI-007 | B45: Iluminación ext. normal- Salas Elect 3 /4 y Shelter INS007 A | C45: 380 | D45: 102-LP-001 | E45: 4x10+T | F45: 80 | G45: Iluminación ext. normal - Área 942 HOT OIL | H45: ILUMINACION
A46: 102-JBI-008 | C46: 380 | D46: 102-LP-001 | E46: 4x10+T | F46: 220 | G46: Iluminación ext. normal - Área 942 HOT OIL | H46: ILUMINACION
A47: 102-JBI-009 | C47: 380 | D47: 102-LP-001 | E47: 4x10+T | F47: 200 | G47: Iluminación ext. normal- Área Servicios Aire y Nitrógeno | H47: ILUMINACION
A48: 102-JBI-010 | B48: Iluminación Vial Calle E A | C48: 380 | D48: 102-LP-001 | E48: 4x10+T | F48: 100 | G48: Iluminación ext. normal- Área KOD | H48: ILUMINACION
A49: 102-JBI-011 | B49: Iluminación Vial Calle E1 A | C49: 380 | D49: 102-LP-001 | E49: 4x10+T | F49: 100 | G49: Iluminación ext. normal- Área KOD | H49: ILUMINACION
A50: 102-JBI-012 | B50: Iluminación Vial Calle 2 A | C50: 380 | D50: 102-LP-001 | E50: 4x10+T | F50: 100 | G50: Iluminación ext. normal- Área KOD | H50: ILUMINACION
A51: 102-JBI-013 | B51: Iluminación Vial Calle 3 A | C51: 380 | D51: 102-LP-001 | E51: 4x10+T | F51: 100 | G51: Iluminación ext. normal- Área KOD | H51: ILUMINACION
A52: 102-JBIE-001 | C52: 380 | D52: 102-LP-002 | E52: 4x10+T | F52: 150 | G52: Tomacorrientes - Área 942 HOT OIL | H52: ILUMINACION
A53: 102-JBIE-002 | B53: Iluminación ext. emergencia - Áreas Unidad Trat de Condensado 260 y Efluentes A | C53: 380 | D53: 102-LP-002 | E53: 4x10+T | F53: 130 | G53: Iluminación ext. emergencia - Área PTA | H53: ILUMINACION
A54: 102-JBIE-003 | C54: 380 | D54: 102-LP-002 | E54: 4x10+T | F54: 220 | G54: Iluminación ext. emergencia - Área PTA | H54: ILUMINACION
A55: 102-JBIE-004 | B55: Iluminación ext. emergencia - Áreas Unidad Proc de Gas 140 y Skid Gas Comb A | C55: 380 | D55: 102-LP-002 | E55: 4x10+T | F55: 150 | G55: Iluminación ext. emergencia - Área 942 HOT OIL | H55: ILUMINACION
A56: 102-JBIE-005 | B56: Iluminación ext. emergencia - Áreas Compresores 291/292/293 y Serv. Comp A | C56: 380 | D56: 102-LP-002 | E56: 4x10+T | F56: 130 | G56: Iluminación ext. emergencia - Área 942 HOT OIL | H56: MOTOR_BT
A57: 102-JBIE-006 | B57: Iluminación ext. emergencia - Áreas Almacenamiento de cond e Iny. De Agua A | C57: 380 | D57: 102-LP-002 | E57: 4x10+T | F57: 200 | G57: Iluminación ext. emergencia - Área 942 HOT OIL | H57: ILUMINACION
A58: 102-JBIE-007 | B58: Iluminación ext. emergencia - Salas Elect 3 /4 y Shelter INS007 A | C58: 380 | D58: 102-LP-002 | E58: 4x10+T | F58: 80 | G58: Iluminación ext. emergencia - Área 942 HOT OIL | H58: ILUMINACION
A59: 102-JBIE-008 | C59: 380 | D59: 102-LP-002 | E59: 4x10+T | F59: 220 | G59: Iluminación ext. emergencia - Área 942 HOT OIL | H59: ILUMINACION
A60: 102-JBIE-009 | C60: 380 | D60: 102-LP-002 | E60: 4x10+T | F60: 200 | G60: Iluminación ext. emergencia - Área Servicios Aire y Nitrógeno | H60: ILUMINACION
A61: 102-JBIE-010 | B61: Iluminación Vial Emergencia Calle E y E1 A | C61: 380 | D61: 102-LP-002 | E61: 4x10+T | F61: 100 | G61: Iluminación ext. emergencia - Área KOD | H61: ILUMINACION
A62: 102-JBIE-011 | B62: Iluminación Vial Emergencia Calle 2 y 3 102-DP-001-TRA | C62: 380 | D62: 102-LP-002 | E62: 4x10+T | F62: 100 | G62: Iluminación ext. emergencia - Área KOD | H62: ILUMINACION
A63: 102-JBT-001 | B63: JUNCTION BOX TRACING EN CAMPO A | C63: 380 | D63: 102-DP-001-TRA | E63: 4x4+T | F63: 150 | G63: Iluminación ext. emergencia - Área KOD | H63: CALEFACCION
A64: 102-JBT-002 | B64: JUNCTION BOX TRACING EN CAMPO A | C64: 380 | D64: 102-DP-001-TRA | E64: 4x4+T | F64: 150 | G64: Iluminación ext. emergencia - Área KOD | H64: CALEFACCION
A65: 102-JBT-003 | B65: JUNCTION BOX TRACING EN CAMPO | C65: 380 | D65: 102-DP-001-TRA | E65: 4x4+T | F65: 150 | G65: Iluminación ext. emergencia - Área KOD | H65: CALEFACCION
A66: 102-JBT-004 | B66: JUNCTION BOX TRACING EN CAMPO A | C66: 380 | D66: 102-DP-001-TRA | E66: 4x4+T | F66: 150 | G66: Iluminación ext. emergencia - Área KOD | H66: CALEFACCION
A67: 102-JBT-005 | B67: JUNCTION BOX TRACING EN CAMPO A | C67: 380 | D67: 102-DP-001-TRA | E67: 4x4+T | F67: 150 | G67: Iluminación ext. emergencia - Área KOD | H67: CALEFACCION
A68: 102-JBT-006 | B68: JUNCTION BOX TRACING EN CAMPO | C68: 380 | D68: 102-DP-001-TRA | E68: 4x4+T | F68: 150 | G68: Iluminación ext. emergencia - Área KOD | H68: CALEFACCION
A69: 102-JBT-140 | B69: JUNCTION BOX TRACING - MODULO 140 A | C69: 380 | D69: 102-DP-001-TRA | E69: 4x4+T | F69: 150 | G69: Iluminación ext. emergencia - Área KOD | H69: CALEFACCION
A70: 102-JBT-260 | B70: JUNCTION BOX TRACING - MODULO 260 A | C70: 380 | D70: 102-DP-001-TRA | E70: 4x4+T | F70: 130 | G70: Iluminación ext. emergencia - Área KOD | H70: CALEFACCION
A71: 102-JBT-290 | B71: JUNCTION BOX TRACING - MODULO 290 A | C71: 380 | D71: 102-DP-001-TRA | E71: 4x4+T | F71: 220 | G71: Iluminación ext. emergencia - Área KOD | H71: CALEFACCION
A72: 102-JBT-291 | B72: JUNCTION BOX TRACING - MODULO 291 A | C72: 380 | D72: 102-DP-001-TRA | E72: 4x4+T | F72: 150 | G72: Iluminación ext. emergencia - Área KOD | H72: CALEFACCION
... A77: 102-LP-101 | B77: TABLEROS DE DISTRIBUCIÓN ILUMINACION NORMAL 0 | C77: 380 | D77: 102-CCM-007 | E77: 3x150/70 | F77: 20 | G77: SALA ELÉCTRICA 3 | H77: ILUMINACION
A78: 102-LP-102 | C78: 380 | D78: 102-CCM-006 | E78: 3x50/25 | F78: 60 | G78: SALA ELÉCTRICA 3 | H78: ILUMINACION
A79: 102-PC-001 | B79: TABLERO PROTECCION CATODICA 102-UPS-001 | C79: 380 | D79: 102-CCM-006 | E79: 3x35/16 | F79: 200 | G79: SALA ELÉCTRICA 4 | H79: CONTROL
A80: 102-PC-101 | B80: TABLEROS DE DISTRIBUCIÓN PROTECCIÓN CATODICA 0 | C80: 380 | D80: 102-CCM-007 | E80: 3x25/16 | F80: 150 | G80: SALA ELÉCTRICA 3 | H80: CONTROL
A81: 102-PC-102 | B81: TABLEROS DE DISTRIBUCIÓN PROTECCIÓN CATODICA 0 | C81: 380 | D81: 102-CCM-007 | E81: 3x25/16 | F81: 150 | G81: SALA ELÉCTRICA 3 | H81: CONTROL
A82: 102-PMS-001-A | C82: 220 | D82: 102-DP-001UPS-A | E82: 2x4 | F82: 20 | G82: SALA ELÉCTRICA 3 | H82: CONTROL
A83: 102-PMS-001-B | C83: 220 | D83: 102-DP-001UPS-B | E83: 2x4 | F83: 20 | G83: SALA ELÉCTRICA 4 | H83: CONTROL
A84: 102-PMS-101-A | C84: 220 | D84: 102-DP-101UPS-A | E84: 2x4 | F84: 60 | G84: SALA ELÉCTRICA 4 | H84: CONTROL
A85: 102-PMS-101-B | C85: 220 | D85: 102-DP-101UPS-B | E85: 2x4 | F85: 20 | G85: SALA ELÉCTRICA 4 | H85: CONTROL
A86: 102-TGMT-001A | B86: 0 | C86: 13200 | D86: 670-TGMT-001-K01 | E86: 3x95 | F86: 350 | G86: SALA ELÉCTRICA 4 | H86: SSAA
A87: 102-TGMT-001B | B87: 0 | C87: 13200 | D87: 670-TGMT-001-K14 | E87: 3x95 | F87: 350 | G87: SALA ELÉCTRICA 4 | H87: SSAA
A88: 102-TGMT-002A | B88: TRANSFORMADOR BOMBAS DE CONDENSADO 0 | C88: 6600 | D88: 102-TRMT-001A | E88: 3x95 | F88: 15 | G88: SALA ELÉCTRICA 4 | H88: SSAA
A89: 102-TGMT-002B | B89: TRANSFORMADOR BOMBAS DE CONDENSADO 0 | C89: 6600 | D89: 102-TRMT-001B | E89: 3x95 | F89: 15 | G89: SALA ELÉCTRICA 4 | H89: SSAA
A90: 102-TM-001-1 | C90: 380 | D90: 102-LP-001 | E90: 4x25/16 | F90: 150 | G90: Iluminación ext. normal- Área KOD | H90: SSAA
A91: 102-TM-001-2 | C91: 380 | D91: 102-TM-001-1 | E91: 4x25/16 | F91: 50 | G91: Tomacorrientes - Área PTA | H91: SSAA
A92: 102-TM-002-1 | B92: Tomacorrientes - Áreas Unidad Trat de Condensado 260 y Efluentes A | C92: 380 | D92: 102-LP-001 | E92: 4x25/16 | F92: 150 | G92: Tomacorrientes - Área PTA | H92: SSAA
A93: 102-TM-002-2 | B93: Tomacorrientes - Áreas Unidad Trat de Condensado 260 y Efluentes A | C93: 380 | D93: 102-TM-002-1 | E93: 4x25/16 | F93: 50 | G93: Tomacorrientes - Área PTA | H93: SSAA
A94: 102-TM-003-1 | C94: 380 | D94: 102-LP-001 | E94: 4x25/16 | F94: 150 | G94: Tomacorrientes - Área PTA | H94: SSAA
A95: 102-TM-003-2 | C95: 380 | D95: 102-TM-003-1 | E95: 4x25/16 | F95: 50 | G95: Tomacorrientes - Área 942 HOT OIL | H95: SSAA
A96: 102-TM-004-1 | B96: Tomacorrientes - Áreas Unidad Proc de Gas 140 y Skid Gas Comb A | C96: 380 | D96: 102-LP-001 | E96: 4x25/16 | F96: 150 | G96: Tomacorrientes - Área 942 HOT OIL | H96: SSAA
A97: 102-TM-004-2 | B97: Tomacorrientes - Áreas Unidad Proc de Gas 140 y Skid Gas Comb A | C97: 380 | D97: 102-TM-004-1 | E97: 4x25/16 | F97: 50 | G97: Tomacorrientes - Área 942 HOT OIL | H97: SSAA
A98: 102-TM-005-1 | B98: Tomacorrientes - Áreas Compresores 291/292/293 y Serv. Comp A | C98: 380 | D98: 102-LP-001 | E98: 4x25/16 | F98: 150 | G98: Tomacorrientes - Área 942 HOT OIL | H98: MOTOR_BT
A99: 102-TM-005-2 | B99: Tomacorrientes - Áreas Compresores 291/292/293 y Serv. Comp A | C99: 380 | D99: 102-TM-005-1 | E99: 4x25/16 | F99: 50 | G99: Tomacorrientes - Área 942 HOT OIL | H99: MOTOR_BT
A100: 102-TM-006-1 | B100: Tomacorrientes - Salas Elect 3 /4 y Shelter INS007 A | C100: 380 | D100: 102-LP-001 | E100: 4x25/16 | F100: 150 | G100: Tomacorrientes - Área 942 HOT OIL | H100: SSAA
A101: 102-TM-006-2 | B101: Tomacorrientes - Salas Elect 3 /4 y Shelter INS007 102-LP-002 (EMERGENCIA\ | C101: 380 | D101: 102-TM-006-1 | E101: 4x25/16 | F101: 50 | G101: Tomacorrientes - Área 942 HOT OIL | H101: SSAA
A102: 102-TR-005A | B102: 0 | C102: 13200 | D102: 102-TGMT-001-K05 | E102: 3x95 | F102: 40 | G102: SALA ELÉCTRICA 4 | H102: CONTROL
A103: 102-TR-005B | B103: 102-TGMT-002 0 | C103: 13200 | D103: 102-TGMT-001-K14 | E103: 3x95 | F103: 40 | G103: SALA ELÉCTRICA 4 | H103: CONTROL
A104: 102-TR-006A | B104: 0 | C104: 13200 | D104: 102-TGMT-001-K04 | E104: 3x95 | F104: 40 | G104: SALA ELÉCTRICA 4 | H104: CONTROL
A105: 102-TR-006B | B105: 0 | C105: 13200 | D105: 102-TGMT-001-K13 | E105: 3x95 | F105: 40 | G105: SALA ELÉCTRICA 4 | H105: CONTROL
...

Sheet 4_Estimacion_Instalacion
A1: ESTIMACIÓN DE TIEMPOS DE INSTALACIÓN ELÉCTRICA - CPF-2 LA CALERA II
A2: Base: 3 cuadrillas eléctricas x 4 personas | 8 hs/día efectivas | Rendimientos campo Patagonia
A3: CATEGORIA | B3: ITEM | C3: CANTIDAD | D3: UNIDAD | E3: RENDIMIENTO | F3: DIAS_CUADRILLA | G3: CUADRILLAS | H3: DIAS_PARALELO | I3: OBSERVACION
A4: ── TENDIDO DE CABLES ──
A5: TENDIDO | B5: Cables Potencia MT (13.2/6.6kV) | C5: 2110 | D5: m | E5: 30 m/día/cuadrilla | F5: 70.3 | G5: 2 | H5: 35.1 | I5: 18 cables | Req. maniobras especiales MT
A6: TENDIDO | B6: Cables Potencia BT Grande (≥35mm²) | C6: 17470 | D6: m | E6: 50 m/día/cuadrilla | F6: 349.4 | G6: 3 | H6: 116.5 | I6: 104 cables | 3x240, 3x150, 3x95, 3x50mm²
A7: TENDIDO | B7: Cables Potencia BT Mediano (10-35mm²) | C7: 11250 | D7: m | E7: 80 m/día/cuadrilla | F7: 140.6 | G7: 3 | H7: 46.9 | I7: 71 cables | 3x16, 3x25mm²
A8: TENDIDO | B8: Cables Potencia BT Pequeño (<10mm²) | C8: 21875 | D8: m | E8: 120 m/día/cuadrilla | F8: 182.3 | G8: 3 | H8: 60.8 | I8: 127 cables | 3x4, 3x6, 4x4mm²
A9: TENDIDO | B9: Cables Control + Señales | C9: 28126 | D9: m | E9: 100 m/día/cuadrilla | F9: 281.3 | G9: 3 | H9: 93.8 | I9: 192 cables | multiconductores
A10: TENDIDO | B10: Cables Fibra Óptica | C10: 400 | D10: m | E10: 200 m/día/cuadrilla | F10: 2 | G10: 1 | H10: 2 | I10: 1 cables FO
A11: TENDIDO | B11: Cables Ethernet UTP | C11: 0 | D11: m | E11: 150 m/día/cuadrilla | F11: 0 | G11: 1 | H11: 0 | I11: 0 cables ETH
A12: ── CONEXIONADO Y TERMINACIÓN ──
A13: CONEXIONADO | B13: Terminales MT (6.6/13.2kV) | C13: 36 | D13: extremos | E13: 8 hs/extremo = 1 día | F13: 36 | G13: 2 | H13: 18 | I13: Req. técnicos especializados MT | ABB/AESA
A14: CONEXIONADO | B14: Terminales BT Grande (≥35mm²) | C14: 208 | D14: extremos | E14: 3 hs/extremo | F14: 78 | G14: 3 | H14: 26 | I14: Zapatas + precintos + termorretráctil
A15: CONEXIONADO | B15: Terminales BT Mediano/Pequeño | C15: 396 | D15: extremos | E15: 1.5 hs/extremo | F15: 74.2 | G15: 3 | H15: 24.7 | I15: Terminales preaislados
A16: CONEXIONADO | B16: Cables de Control (peinado+etiq.+prueba) | C16: 192 | D16: cables | E16: 4 hs/cable | F16: 96 | G16: 3 | H16: 32 | I16: Incluye control, señales y vibroswitches
A17: ── MONTAJE DE EQUIPOS ──
A18: MONTAJE | B18: CCMs BT (grandes >20 bahías) | C18: 3 | D18: unidades | E18: 5 días/CCM | F18: 15 | G18: 2 | H18: 7.5 | I18: CCM-005, CCM-006, CCM-007 | Llegan en ABB S3/S4
A19: MONTAJE | B19: Celdas MT (TGMT + TRMT) | C19: 6 | D19: equipos | E19: 3 días/equipo | F19: 18 | G19: 2 | H19: 9 | I19: TGMT-001, TGMT-002, TRMT-001A/B | Izaje + nivelación
A20: MONTAJE | B20: Motores MT (>90kW, 6.6kV) | C20: 6 | D20: motores | E20: 2 días/motor | F20: 12 | G20: 2 | H20: 6 | I20: M-PAY-23310 A/B/C, M-PAZ-24210 A/B/C | Izaje + alineación
A21: MONTAJE | B21: Motores BT Grande (>90kW) | C21: 19 | D21: motores | E21: 1 día/motor | F21: 19 | G21: 3 | H21: 6.3 | I21: PAY-23040, PAZ bombas transferencia
A22: MONTAJE | B22: Motores BT Mediano (22-90kW) | C22: 42 | D22: motores | E22: 0.5 días/motor | F22: 21 | G22: 3 | H22: 7 | I22: PBM-24390, PBA-24420, etc.
A23: MONTAJE | B23: Motores BT Pequeño (<22kW) | C23: 15 | D23: motores | E23: 0.25 días/motor | F23: 3.75 | G23: 3 | H23: 1.2 | I23: Auxiliares, vibroswitches, EAL-23310
A24: ── PRUEBAS Y ENERGIZACIÓN ──
A25: PRUEBAS | B25: Pruebas de Aislación (Megger) por circuito | C25: 513 | D25: cables | E25: 2 hs/cable = 0.25 días | F25: 128.2 | G25: 3 | H25: 42.7 | I25: Incluye registro y documentación ITP
A26: PRUEBAS | B26: Energización progresiva MT → BT | C26: 1 | D26: lote | E26: 10 días fijos | F26: 10 | G26: 2 | H26: 10 | I26: Con presencia ABB + AESA + Cliente | HOLD POINT
A27: PRUEBAS | B27: Precomisionado eléctrico funcional | C27: 1 | D27: lote | E27: 15 días fijos | F27: 15 | G27: 2 | H27: 15 | I27: Loop check eléctrico + ajuste relés + secuencia arranque
A28: PRUEBAS | B28: SAT PMS en sitio (HOLD POINT PIE) | C28: 1 | D28: evento | E28: 30 días (oct-dic 2027) | F28: 30 | G28: 1 | H28: 30 | I28: Ventana oct-dic 2027 per contrato | ABB+Cliente
A30: TOTAL DÍAS ESTIMADO (CON PARALELIZACIÓN) | F30: MONTAJE TABLEROS: 9 + TENDIDO: 128 + CONEXION: 50 + PRUEBAS: 76 | H30: 263 | I30: ≈ 263 días calendario con 3 cuadrillas

Sheet 5_Cronograma_Campo
A1: CRONOGRAMA INSTALACIÓN ELÉCTRICA CPF-2 LA CALERA II - MAY 2027 → ENE 2028 | Rev 3 | 13-JUN-2026
A2: # | B2: ACTIVIDAD | C2: INICIO | D2: FIN | E2: DUR_DÍAS | F2: RESPONSABLE | G2: HITO/CONSTRAINT | H2: OBSERVACION
A3: 1 | B3: Recepción y verificación materiales eléctricos (CCMs S3/S4) | C3: 07-Apr-2027 | D3: 18-Apr-2027 | E3: 12 | F3: AESA/ABB | G3: LLEGADA S4: 07-ABR-2027 | H3: Inspección visual + megger de recepción CCMs, celdas MT
A4: 2 | B4: Montaje celdas MT: TGMT-001/003 y TRMT-001A/B (Sala 4) | C4: 14-Apr-2027 | D4: 09-May-2027 | E4: 26 | F4: ABB+AESA | G4: S4 en sitio ABR-2027 | H4: Nivelación, interconexión barras, cableado de control interno
A5: 3 | B5: Montaje CCM-005/006/007 en Sala 3 | C5: 03-May-2027 | D5: 24-May-2027 | E5: 22 | F5: ABB+AESA | G5: S3 en sitio MAY-2027 | H5: Alineación, anclaje, busbars, cableado auxiliares
A6: 4 | B6: Instalación bandejas portacables principales (campo) | C6: 21-Apr-2027 | D6: 14-May-2027 | E6: 24 | F6: AESA | H6: Bandeja MC1, MC2, MC3 - trayectos principales SE3→SE4→campo
A7: 5 | B7: Tendido cables potencia MT (13.2kV/6.6kV) | C7: 10-May-2027 | D7: 07-Jun-2027 | E7: 29 | F7: AESA | H7: Alimentadores TGMT-001A/B desde 670-TGMT-001 | Req. herram. MT
A8: 6 | B8: Tendido cables potencia BT - motores y cargas grandes | C8: 17-May-2027 | D8: 04-Jul-2027 | E8: 49 | F8: AESA | H8: 3x240, 3x150 bombas inyección | Tendido pesado en canaletas
A9: 7 | B9: Tendido cables potencia BT - cargas medianas y pequeñas | C9: 07-Jun-2027 | D9: 19-Jul-2027 | E9: 43 | F9: AESA | H9: Motores BT auxiliares, iluminación, tomacorrientes, calefacción
A10: 8 | B10: Tendido cables control y señales | C10: 14-Jun-2027 | D10: 19-Jul-2027 | E10: 36 | F10: AESA | H10: Control CCMs→motores, vibroswitches, señales VFDs
A11: 9 | B11: Tendido FO y Ethernet | C11: 21-Jun-2027 | D11: 05-Jul-2027 | E11: 15 | F11: AESA/ABB | H11: Red PMS SE3-SE4, señales digitales CPF-CPC-001
A12: 10 | B12: Conexionado y terminación cables potencia MT | C12: 07-Jun-2027 | D12: 05-Jul-2027 | E12: 29 | F12: ABB+AESA | G12: TÉCNICOS MT CERTIFICADOS | H12: Terminales premoldeadas 13.2kV | Req. ABB field service
A13: 11 | B13: Conexionado y terminación cables BT (potencia) | C13: 21-Jun-2027 | D13: 26-Jul-2027 | E13: 36 | F13: AESA | H13: Zapatas, terminales preaislados, prueba continuidad
A14: 12 | B14: Conexionado cables control (peinado + etiquetado) | C14: 05-Jul-2027 | D14: 02-Aug-2027 | E14: 29 | F14: AESA | H14: Incluye señales VFD MT, vibroswitches, HOA locales
A15: 13 | B15: Pruebas de aislación (megger) circuito por circuito | C15: 19-Jul-2027 | D15: 09-Aug-2027 | E15: 22 | F15: AESA | G15: HOLD POINT - ITP ELÉCTRICO | H15: Registro conforme ITP | Mínimo 1M Ω a 1kV / 10M Ω a 5kV
A16: 14 | B16: Energización progresiva: MT → Transformadores → BT | C16: 09-Aug-2027 | D16: 24-Aug-2027 | E16: 16 | F16: ABB+AESA+Cliente | G16: RFMC: ~15-AGO-2027 | H16: Pre-requis: Megger OK | Prot. relés ajustadas | Personal Cliente
A17: 15 | B17: Pruebas funcionales precomisionado eléctrico | C17: 18-Aug-2027 | D17: 07-Sep-2027 | E17: 21 | F17: AESA+Cliente | H17: Loop check eléctrico, secuencia arranque motores, VFD tuning
A18: 16 | B18: SAT PMS en sitio - HOLD POINT per PIE/Contrato | C18: 06-Oct-2027 | D18: 07-Dec-2027 | E18: 63 | F18: ABB+Cliente | G18: HOLD POINT: OCT-DIC 2027 | H18: Factory accepted, ahora SAT campo | 30 días ventana
A19: 17 | B19: Comisionado eléctrico integrado (con proceso) | C19: 07-Sep-2027 | D19: 15-Dec-2027 | E19: 100 | F19: AESA+ABB+Cliente | G19: INICIO COMISIONADO: 16-JUL-2027 | H19: Energizado progresivo de procesos | Coordinado con Ops
A20: 18 | B20: RFSU - Ready For Start Up | C20: 31-Jan-2028 | D20: 31-Jan-2028 | E20: 1 | F20: TODOS | G20: HITO CONTRACTUAL: 31-ENE-2028 | H20: Entrega al cliente | Todos los sistemas eléctricos operativos
A22: ANÁLISIS DE COMPATIBILIDAD CON RFSU 31-ENE-2028 | Rev 1 | 09-JUN-2026
A23: Días disponibles MAY-2027 → ENE-2028 | D23: 273 días = 39 semanas (03-MAY-2027 → 31-ENE-2028) | H23: INFO
A24: Días estimados instalación (paralelizado 3 cuadrillas) | D24: ~263 días | Ruta crítica: Tendido BT Grande (17,470m / 50m/día/cuadrilla) | H24: INFO
A25: Margen disponible | D25: 10 días de margen (4%) ACEPTABLE | H25: RIESGO
A26: Ruta Crítica (CP) identificada | D26: Tendido BT Grande 3x240/3x150 (104 cables, 17,470m) → Conexionado MT → SAT PMS → Comisionado | H26: CRITICO
A27: Riesgo 1: Volumen tendido BT Grande | D27: 104 cables / 17,470m de 3x240/3x150/3x95mm² → Ruta crítica. Opción: agregar 1 cuadrilla extra en este frente | H27: CRITICO
A28: Riesgo 2: Llegada Salas Eléctricas ABB | D28: S4: ABR-2027 | S3: MAY-2027 → Solo 9 meses para instalar 81,231m de cables | H28: RIESGO
A29: Riesgo 3: Cables MT 13.2kV (3x95, 18 cables, 2,110m) | D29: Técnicos ABB field service certificados requeridos | Coordinación con 3 meses de antelación | H29: RIESGO
A30: Riesgo 4: SAT PMS - HOLD POINT Contractual | D30: Ventana OCT-DIC 2027 fija por contrato/PIE - No admite deslizamiento - Precondiciona comisionado | H30: CRITICO
A31: Riesgo 5: Lista de cables incompleta (Rev.0) | D31: Notas del revisor: faltan cables HOA, comunicación CCM↔PMS, señales hardwired DOL, M-94213B | H31: RIESGO
A32: Acción Recomendada | D32: Agregar 1 cuadrilla BT para tendido (total 4) en el bloque MAY-JUL-2027 para recuperar 30 días | H32: RIESGO
A33: CONCLUSIÓN GENERAL | D33: Cronograma AJUSTADO con RFSU 31-ENE-2028: 10 días de margen (4%). Requiere inicio 03-MAY-2027 y 3 cuadrillas ininterrumpidas sin imprevistos. | Rev 1 | 09-JUN-2026 | H33: OK

Sheet 6_Resumen_Ejecutivo
A1: RESUMEN EJECUTIVO - ANÁLISIS ELÉCTRICO CPF-2 LA CALERA II | Rev 3 | 13-JUN-2026
A2: Documento: ACAL-00102-LC-E-0001 Rev.0 | Unifilar: ACAL-00100-EE-E-0001-1 | Análisis: Junio 2026 | Rev 3 | 13-JUN-2026
A4: 1. VOLUMEN DE CABLES
A5: Total cables en listado | B5: 633 cables (120 CPF-1 + 513 CPF-2)
A6: Total metros CPF-2 | B6: 81,231 m (513 cables)
A7: Total metros CPF-1 | B7: 4,650 m (120 cables)
A8: Potencia MT (6.6/13.2kV) - CPF-2 | B8: 18 cables | 2,110 m
A9: Potencia BT (≤1kV) - CPF-2 | B9: 302 cables | 50,595 m
A10: Control + Señales - CPF-2 | B10: 192 cables | 28,126 m
A11: Fibra Óptica - CPF-2 | B11: 1 cables | 400 m
A12: Ethernet UTP - CPF-2 | B12: 0 cables | 0 m
A14: 2. CARGAS ELÉCTRICAS CPF-2
A15: Total equipos identificados CPF-2 | B15: 243 cargas eléctricas
A16: - CALEFACCION | B16: 12 unidades
A17: - CONTROL | B17: 29 unidades
A18: - ILUMINACION | B18: 28 unidades
A19: - INSTRUMENTO | B19: 52 unidades
A20: - MOTOR_BT | B20: 76 unidades
A21: - MOTOR_MT | B21: 3 unidades
A22: - SSAA | B22: 37 unidades
A23: - VFD_BT | B23: 3 unidades
A24: - VFD_MT | B24: 3 unidades
A26: 3. ESTIMACIÓN INSTALACIÓN CAMPO
A27: Cuadrillas eléctricas | B27: 3 cuadrillas x 4 personas = 12 personas en campo
A28: Tiempo total estimado (paralelizado) | B28: ~263 días calendario
A29: Período de trabajo | B29: MAY-2027 → ENE-2028 = 274 días disponibles
A30: Margen disponible | B30: 11 días (4.0% del total)
A31: Fecha inicio mínima recomendada | B31: 03-MAY-2027 (con llegada Sala 3)
A33: 4. HITOS CLAVE CPF-2
A34: Llegada Sala Eléctrica 4 (ABB) | B34: ~07-ABR-2027
A35: Llegada Sala Eléctrica 3 (ABB) | B35: ~03-MAY-2027
A36: Inicio precomisionado / montaje campo | B36: 03-MAY-2027
A37: Inicio comisionado | B37: 16-JUL-2027
A38: RFMC (Ready For Mechanical Completion) | B38: ~15-AGO-2027
A39: SAT PMS en sitio (ventana) | B39: OCT-DIC 2027
A40: RFSU (Ready For Start Up) | B40: 31-ENE-2028 [CONTRACTUAL]
A42: 5. ALERTAS Y RIESGOS CRÍTICOS
A43: CRÍTICO | B43: Cables MT 13.2kV requieren técnicos ABB certificados - Coordinar con 3 meses de antelación
A44: CRÍTICO | B44: SAT PMS es HOLD POINT contractual - Ventana OCT-DIC 2027 no puede deslizarse
A45: RIESGO | B45: Llegada tardía de salas eléctricas ABB comprime ventana de instalación a <9 meses
A46: RIESGO | B46: Lista de cables Rev.0 incompleta - Faltan cables de comunicación CCM→PMS y señales hardwired motores DOL
A47: RIESGO | B47: Bombas de inyección (M-PAZ-24210) a 460V con VFDs 1kV - Verificar coordinación de protecciones
A48: RIESGO | B48: Cables 3x240 mm² a 460V (bombas inyección): verificar formación final con memoria de cálculo
A49: ALERTA | B49: Distancias en lista de cables a confirmar con ingeniería - Nota en Rev.0 del documento
A50: ALERTA | B50: Falta M-94213B en listado (nota del revisor del documento)
A51: ALERTA | B51: Calefactores de motores (EAL-23310): incluir en circuito de calefacción con control thermostat
A53: CONCLUSIÓN: Cronograma AJUSTADO - SIN MARGEN con RFSU 31-ENE-2028. Tiempo estimado: ~263 días vs 274 disponibles con 3 cuadrillas. Solo 11 días de margen (4%). ACCIÓN: 4 cuadrillas para tendido BT Grande (ruta crítica). RUTA CRÍTICA: Tendido cables BT Grande (104 cables, 17,470m). RIESGOS: (1) Lista Rev.0 incompleta - estimado podría crecer 10-15%. (2) Salas ABB deben llegar antes de MAY-2027. (3) SAT PMS es HOLD POINT contractual OCT-DIC 2027. | Rev 1 | 09-JUN-2026
A56: ★ NUEVO Rev 1 09-JUN-2026: Análisis de Puntas de Conexión — CPF-2: 5,178 puntas totales (3,036 en salas / 1,717 en campo). Ver hoja 8_Puntas_Conexion.

Sheet 8_Puntas_Conexion
A1: ANÁLISIS DE PUNTAS DE CONEXIÓN — CPF-2 LA CALERA II | Rev 3 | 13-JUN-2026 | Totales calculados con SUMIF sobre hoja 1_Cables_Completo col.P (TOTAL_PTAS)
A2: ★ CIERRE GARANTIZADO: cada celda de esta hoja usa SUMIF/SUMIFS sobre la columna P (TOTAL_PTAS) de la hoja 1_Cables_Completo — cualquier cambio en Sheet 1 actualiza automáticamente este resumen. | PUNTA = 1 conductor a conectar en 1 extremo del cable (incluye conductores + armadura si corresponde).
A4: A. TOTALES GENERALES (SUMIF directo sobre 1_Cables_Completo columna TOTAL_PTAS)
A5: Concepto | B5: Cables CPF-2 | C5: Puntas Conductores (PTAS_COND) | D5: Puntas Armadura (PTAS_ARM) | E5: TOTAL PUNTAS (SUMIF) | G5: Fórmula usada | J5: Verificación
A6: TOTAL CPF-2 — Puntas conductores | B6: =COUNTIF('1_Cables_Completo'!$K$2:$K$634,"CPF2") | C6: =SUMIF('1_Cables_Completo'!$K$2:$K$634,"CPF2",'1_Cables_Completo'!$N$2:$N$634) | D6: — | E6: — | G6: SUMIF(K,"CPF2",N) | J6: N_COND × 2 extremos por cable
A7: TOTAL CPF-2 — Puntas armadura (glands) | B7: =COUNTIFS('1_Cables_Completo'!$K$2:$K$634,"CPF2",'1_Cables_Completo'!$M$2:$M$634,"SI") | C7: — | D7: =SUMIF('1_Cables_Completo'!$K$2:$K$634,"CPF2",'1_Cables_Completo'!$O$2:$O$634) | E7: — | G7: SUMIF(K,"CPF2",O) | J7: 2 glands por cable armado
A8: ★ TOTAL CPF-2 — GRAN TOTAL PUNTAS | B8: =COUNTIF('1_Cables_Completo'!$K$2:$K$634,"CPF2") | C8: =SUMIF('1_Cables_Completo'!$K$2:$K$634,"CPF2",'1_Cables_Completo'!$N$2:$N$634) | D8: =SUMIF('1_Cables_Completo'!$K$2:$K$634,"CPF2",'1_Cables_Completo'!$O$2:$O$634) | E8: =SUMIF('1_Cables_Completo'!$K$2:$K$634,"CPF2",'1_Cables_Completo'!$P$2:$P$634) | G8: SUMIF(K,"CPF2",P) | J8: Valor esperado: 5,178
A10: B. PUNTAS POR TIPO DE CABLE — SUMIFS(P, K="CPF2", Q=tipo)
A11: Tipo de Cable | B11: Cables (COUNTIFS) | C11: Puntas Conductores | D11: Puntas Armadura | E11: TOTAL PUNTAS | F11: % del total | H11: Fórmula TOTAL_PTAS | J11: Nota
A12: POTENCIA MT (>1kV) | B12: =COUNTIFS('1_Cables_Completo'!$K$2:$K$634,"CPF2",'1_Cables_Completo'!$Q$2:$Q$634,"POTENCIA MT (>1kV)") | C12: =SUMIFS('1_Cables_Completo'!$N$2:$N$634,'1_Cables_Completo'!$K$2:$K$634,"CPF2",'1_Cables_Completo'!$Q$2:$Q$634,"POTENCIA MT (>1kV)") | D12: =SUMIFS('1_Cables_Completo'!$O$2:$O$634,'1_Cables_Completo'!$K$2:$K$634,"CPF2",'1_Cables_Completo'!$Q$2:$Q$634,"POTENCIA MT (>1kV)") | E12: =SUMIFS('1_Cables_Completo'!$P$2:$P$634,'1_Cables_Completo'!$K$2:$K$634,"CPF2",'1_Cables_Completo'!$Q$2:$Q$634,"POTENCIA MT (>1kV)") | F12: =IF(=SUMIF('1_Cables_Completo'!$K$2:$K$634,"CPF2",'1_Cables_Completo'!$P$2:$P$634)>0,=SUMIFS('1_Cables_Completo'!$P$2:$P$634,'1_Cables_Completo'!$K$2:$K$634,"CPF2",'1_Cables_Completo'!$Q$2:$Q$634,"POTENCIA MT (>1kV)")/=SUMIF('1_Cables_Completo'!$K$2:$K$634,"CPF2",'1_Cables_Completo'!$P$2:$P$634),0) | H12: SUMIFS(P,K,"CPF2",Q,"POTENCIA MT (>1kV)") | J12: Terminales a compresión MT — técnico certificado
A13: POTENCIA BT GRANDE (≥95mm²) | B13: =COUNTIFS('1_Cables_Completo'!$K$2:$K$634,"CPF2",'1_Cables_Completo'!$Q$2:$Q$634,"POTENCIA BT GRANDE (≥95mm²)") | C13: =SUMIFS('1_Cables_Completo'!$N$2:$N$634,'1_Cables_Completo'!$K$2:$K$634,"CPF2",'1_Cables_Completo'!$Q$2:$Q$634,"POTENCIA BT GRANDE (≥95mm²)") | D13: =SUMIFS('1_Cables_Completo'!$O$2:$O$634,'1_Cables_Completo'!$K$2:$K$634,"CPF2",'1_Cables_Completo'!$Q$2:$Q$634,"POTENCIA BT GRANDE (≥95mm²)") | E13: =SUMIFS('1_Cables_Completo'!$P$2:$P$634,'1_Cables_Completo'!$K$2:$K$634,"CPF2",'1_Cables_Completo'!$Q$2:$Q$634,"POTENCIA BT GRANDE (≥95mm²)") | F13: =IF(=SUMIF('1_Cables_Completo'!$K$2:$K$634,"CPF2",'1_Cables_Completo'!$P$2:$P$634)>0,=SUMIFS('1_Cables_Completo'!$P$2:$P$634,'1_Cables_Completo'!$K$2:$K$634,"CPF2",'1_Cables_Completo'!$Q$2:$Q$634,"POTENCIA BT GRANDE (≥95mm²)")/=SUMIF('1_Cables_Completo'!$K$2:$K$634,"CPF2",'1_Cables_Completo'!$P$2:$P$634),0) | H13: SUMIFS(P,K,"CPF2",Q,"POTENCIA BT GRANDE (≥95mm²)") | J13: Lugs a compresión BT
A14: POTENCIA BT MEDIANA (35-70mm²) | B14: =COUNTIFS('1_Cables_Completo'!$K$2:$K$634,"CPF2",'1_Cables_Completo'!$Q$2:$Q$634,"POTENCIA BT MEDIANA (35-70mm²)") | C14: =SUMIFS('1_Cables_Completo'!$N$2:$N$634,'1_Cables_Completo'!$K$2:$K$634,"CPF2",'1_Cables_Completo'!$Q$2:$Q$634,"POTENCIA BT MEDIANA (35-70mm²)") | D14: =SUMIFS('1_Cables_Completo'!$O$2:$O$634,'1_Cables_Completo'!$K$2:$K$634,"CPF2",'1_Cables_Completo'!$Q$2:$Q$634,"POTENCIA BT MEDIANA (35-70mm²)") | E14: =SUMIFS('1_Cables_Completo'!$P$2:$P$634,'1_Cables_Completo'!$K$2:$K$634,"CPF2",'1_Cables_Completo'!$Q$2:$Q$634,"POTENCIA BT MEDIANA (35-70mm²)") | F14: =IF(=SUMIF('1_Cables_Completo'!$K$2:$K$634,"CPF2",'1_Cables_Completo'!$P$2:$P$634)>0,=SUMIFS('1_Cables_Completo'!$P$2:$P$634,'1_Cables_Completo'!$K$2:$K$634,"CPF2",'1_Cables_Completo'!$Q$2:$Q$634,"POTENCIA BT MEDIANA (35-70mm²)")/=SUMIF('1_Cables_Completo'!$K$2:$K$634,"CPF2",'1_Cables_Completo'!$P$2:$P$634),0) | H14: SUMIFS(P,K,"CPF2",Q,"POTENCIA BT MEDIANA (35-70mm²)") | J14: Lugs a compresión BT
A15: POTENCIA BT PEQUEÑA (10-25mm²) | B15: =COUNTIFS('1_Cables_Completo'!$K$2:$K$634,"CPF2",'1_Cables_Completo'!$Q$2:$Q$634,"POTENCIA BT PEQUEÑA (10-25mm²)") | C15: =SUMIFS('1_Cables_Completo'!$N$2:$N$634,'1_Cables_Completo'!$K$2:$K$634,"CPF2",'1_Cables_Completo'!$Q$2:$Q$634,"POTENCIA BT PEQUEÑA (10-25mm²)") | D15: =SUMIFS('1_Cables_Completo'!$O$2:$O$634,'1_Cables_Completo'!$K$2:$K$634,"CPF2",'1_Cables_Completo'!$Q$2:$Q$634,"POTENCIA BT PEQUEÑA (10-25mm²)") | E15: =SUMIFS('1_Cables_Completo'!$P$2:$P$634,'1_Cables_Completo'!$K$2:$K$634,"CPF2",'1_Cables_Completo'!$Q$2:$Q$634,"POTENCIA BT PEQUEÑA (10-25mm²)") | F15: =IF(=SUMIF('1_Cables_Completo'!$K$2:$K$634,"CPF2",'1_Cables_Completo'!$P$2:$P$634)>0,=SUMIFS('1_Cables_Completo'!$P$2:$P$634,'1_Cables_Completo'!$K$2:$K$634,"CPF2",'1_Cables_Completo'!$Q$2:$Q$634,"POTENCIA BT PEQUEÑA (10-25mm²)")/=SUMIF('1_Cables_Completo'!$K$2:$K$634,"CPF2",'1_Cables_Completo'!$P$2:$P$634),0) | H15: SUMIFS(P,K,"CPF2",Q,"POTENCIA BT PEQUEÑA (10-25mm²)") | J15: Lugs a compresión BT
A16: POTENCIA BT MUY PEQ (<10mm²) | B16: =COUNTIFS('1_Cables_Completo'!$K$2:$K$634,"CPF2",'1_Cables_Completo'!$Q$2:$Q$634,"POTENCIA BT MUY PEQ (<10mm²)") | C16: =SUMIFS('1_Cables_Completo'!$N$2:$N$634,'1_Cables_Completo'!$K$2:$K$634,"CPF2",'1_Cables_Completo'!$Q$2:$Q$634,"POTENCIA BT MUY PEQ (<10mm²)") | D16: =SUMIFS('1_Cables_Completo'!$O$2:$O$634,'1_Cables_Completo'!$K$2:$K$634,"CPF2",'1_Cables_Completo'!$Q$2:$Q$634,"POTENCIA BT MUY PEQ (<10mm²)") | E16: =SUMIFS('1_Cables_Completo'!$P$2:$P$634,'1_Cables_Completo'!$K$2:$K$634,"CPF2",'1_Cables_Completo'!$Q$2:$Q$634,"POTENCIA BT MUY PEQ (<10mm²)") | F16: =IF(=SUMIF('1_Cables_Completo'!$K$2:$K$634,"CPF2",'1_Cables_Completo'!$P$2:$P$634)>0,=SUMIFS('1_Cables_Completo'!$P$2:$P$634,'1_Cables_Completo'!$K$2:$K$634,"CPF2",'1_Cables_Completo'!$Q$2:$Q$634,"POTENCIA BT MUY PEQ (<10mm²)")/=SUMIF('1_Cables_Completo'!$K$2:$K$634,"CPF2",'1_Cables_Completo'!$P$2:$P$634),0) | H16: SUMIFS(P,K,"CPF2",Q,"POTENCIA BT MUY PEQ (<10mm²)") | J16: Lugs a compresión BT
A17: CONTROL | B17: =COUNTIFS('1_Cables_Completo'!$K$2:$K$634,"CPF2",'1_Cables_Completo'!$Q$2:$Q$634,"CONTROL") | C17: =SUMIFS('1_Cables_Completo'!$N$2:$N$634,'1_Cables_Completo'!$K$2:$K$634,"CPF2",'1_Cables_Completo'!$Q$2:$Q$634,"CONTROL") | D17: =SUMIFS('1_Cables_Completo'!$O$2:$O$634,'1_Cables_Completo'!$K$2:$K$634,"CPF2",'1_Cables_Completo'!$Q$2:$Q$634,"CONTROL") | E17: =SUMIFS('1_Cables_Completo'!$P$2:$P$634,'1_Cables_Completo'!$K$2:$K$634,"CPF2",'1_Cables_Completo'!$Q$2:$Q$634,"CONTROL") | F17: =IF(=SUMIF('1_Cables_Completo'!$K$2:$K$634,"CPF2",'1_Cables_Completo'!$P$2:$P$634)>0,=SUMIFS('1_Cables_Completo'!$P$2:$P$634,'1_Cables_Completo'!$K$2:$K$634,"CPF2",'1_Cables_Completo'!$Q$2:$Q$634,"CONTROL")/=SUMIF('1_Cables_Completo'!$K$2:$K$634,"CPF2",'1_Cables_Completo'!$P$2:$P$634),0) | H17: SUMIFS(P,K,"CPF2",Q,"CONTROL") | J17: Ferrules de bornera
A18: SEÑAL / INSTRUMENTO | B18: =COUNTIFS('1_Cables_Completo'!$K$2:$K$634,"CPF2",'1_Cables_Completo'!$Q$2:$Q$634,"SEÑAL / INSTRUMENTO") | C18: =SUMIFS('1_Cables_Completo'!$N$2:$N$634,'1_Cables_Completo'!$K$2:$K$634,"CPF2",'1_Cables_Completo'!$Q$2:$Q$634,"SEÑAL / INSTRUMENTO") | D18: =SUMIFS('1_Cables_Completo'!$O$2:$O$634,'1_Cables_Completo'!$K$2:$K$634,"CPF2",'1_Cables_Completo'!$Q$2:$Q$634,"SEÑAL / INSTRUMENTO") | E18: =SUMIFS('1_Cables_Completo'!$P$2:$P$634,'1_Cables_Completo'!$K$2:$K$634,"CPF2",'1_Cables_Completo'!$Q$2:$Q$634,"SEÑAL / INSTRUMENTO") | F18: =IF(=SUMIF('1_Cables_Completo'!$K$2:$K$634,"CPF2",'1_Cables_Completo'!$P$2:$P$634)>0,=SUMIFS('1_Cables_Completo'!$P$2:$P$634,'1_Cables_Completo'!$K$2:$K$634,"CPF2",'1_Cables_Completo'!$Q$2:$Q$634,"SEÑAL / INSTRUMENTO")/=SUMIF('1_Cables_Completo'!$K$2:$K$634,"CPF2",'1_Cables_Completo'!$P$2:$P$634),0) | H18: SUMIFS(P,K,"CPF2",Q,"SEÑAL / INSTRUMENTO")
A19: FO / ETHERNET | B19: =COUNTIFS('1_Cables_Completo'!$K$2:$K$634,"CPF2",'1_Cables_Completo'!$Q$2:$Q$634,"FO / ETHERNET") | C19: =SUMIFS('1_Cables_Completo'!$N$2:$N$634,'1_Cables_Completo'!$K$2:$K$634,"CPF2",'1_Cables_Completo'!$Q$2:$Q$634,"FO / ETHERNET") | D19: =SUMIFS('1_Cables_Completo'!$O$2:$O$634,'1_Cables_Completo'!$K$2:$K$634,"CPF2",'1_Cables_Completo'!$Q$2:$Q$634,"FO / ETHERNET") | E19: =SUMIFS('1_Cables_Completo'!$P$2:$P$634,'1_Cables_Completo'!$K$2:$K$634,"CPF2",'1_Cables_Completo'!$Q$2:$Q$634,"FO / ETHERNET") | F19: =IF(=SUMIF('1_Cables_Completo'!$K$2:$K$634,"CPF2",'1_Cables_Completo'!$P$2:$P$634)>0,=SUMIFS('1_Cables_Completo'!$P$2:$P$634,'1_Cables_Completo'!$K$2:$K$634,"CPF2",'1_Cables_Completo'!$Q$2:$Q$634,"FO / ETHERNET")/=SUMIF('1_Cables_Completo'!$K$2:$K$634,"CPF2",'1_Cables_Completo'!$P$2:$P$634),0) | H19: SUMIFS(P,K,"CPF2",Q,"FO / ETHERNET") | J19: Conector SC/LC
A20: OTROS/VERIFICAR | B20: =COUNTIFS('1_Cables_Completo'!$K$2:$K$634,"CPF2",'1_Cables_Completo'!$Q$2:$Q$634,"OTROS/VERIFICAR") | C20: =SUMIFS('1_Cables_Completo'!$N$2:$N$634,'1_Cables_Completo'!$K$2:$K$634,"CPF2",'1_Cables_Completo'!$Q$2:$Q$634,"OTROS/VERIFICAR") | D20: =SUMIFS('1_Cables_Completo'!$O$2:$O$634,'1_Cables_Completo'!$K$2:$K$634,"CPF2",'1_Cables_Completo'!$Q$2:$Q$634,"OTROS/VERIFICAR") | E20: =SUMIFS('1_Cables_Completo'!$P$2:$P$634,'1_Cables_Completo'!$K$2:$K$634,"CPF2",'1_Cables_Completo'!$Q$2:$Q$634,"OTROS/VERIFICAR") | F20: =IF(=SUMIF('1_Cables_Completo'!$K$2:$K$634,"CPF2",'1_Cables_Completo'!$P$2:$P$634)>0,=SUMIFS('1_Cables_Completo'!$P$2:$P$634,'1_Cables_Completo'!$K$2:$K$634,"CPF2",'1_Cables_Completo'!$Q$2:$Q$634,"OTROS/VERIFICAR")/=SUMIF('1_Cables_Completo'!$K$2:$K$634,"CPF2",'1_Cables_Completo'!$P$2:$P$634),0) | H20: SUMIFS(P,K,"CPF2",Q,"OTROS/VERIFICAR")
A21: TOTAL (debe = Gran Total sección A) | B21: =COUNTIF('1_Cables_Completo'!$K$2:$K$634,"CPF2") | C21: =SUMIF('1_Cables_Completo'!$K$2:$K$634,"CPF2",'1_Cables_Completo'!$N$2:$N$634) | D21: =SUMIF('1_Cables_Completo'!$K$2:$K$634,"CPF2",'1_Cables_Completo'!$O$2:$O$634) | E21: =SUMIF('1_Cables_Completo'!$K$2:$K$634,"CPF2",'1_Cables_Completo'!$P$2:$P$634) | F21: =IF(=SUMIF('1_Cables_Completo'!$K$2:$K$634,"CPF2",'1_Cables_Completo'!$P$2:$P$634)==SUMIF('1_Cables_Completo'!$K$2:$K$634,"CPF2",'1_Cables_Completo'!$P$2:$P$634),"✓ CIERRA","✗ REVISAR")
A23: C. PUNTAS POR TIPO DE CARGA / DESTINO — SUMIFS(P, K="CPF2", R=carga)
A24: Tipo de Carga / Equipo Destino | B24: Cables | C24: Puntas Conductores | D24: Puntas Armadura | E24: TOTAL PUNTAS | F24: % del total | H24: Fórmula TOTAL_PTAS | J24: Nota
A25: MOTOR/ACCIONAMIENTO | B25: =COUNTIFS('1_Cables_Completo'!$K$2:$K$634,"CPF2",'1_Cables_Completo'!$R$2:$R$634,"MOTOR/ACCIONAMIENTO") | C25: =SUMIFS('1_Cables_Completo'!$N$2:$N$634,'1_Cables_Completo'!$K$2:$K$634,"CPF2",'1_Cables_Completo'!$R$2:$R$634,"MOTOR/ACCIONAMIENTO") | D25: =SUMIFS('1_Cables_Completo'!$O$2:$O$634,'1_Cables_Completo'!$K$2:$K$634,"CPF2",'1_Cables_Completo'!$R$2:$R$634,"MOTOR/ACCIONAMIENTO") | E25: =SUMIFS('1_Cables_Completo'!$P$2:$P$634,'1_Cables_Completo'!$K$2:$K$634,"CPF2",'1_Cables_Completo'!$R$2:$R$634,"MOTOR/ACCIONAMIENTO") | F25: =IF(=SUMIF('1_Cables_Completo'!$K$2:$K$634,"CPF2",'1_Cables_Completo'!$P$2:$P$634)>0,=SUMIFS('1_Cables_Completo'!$P$2:$P$634,'1_Cables_Completo'!$K$2:$K$634,"CPF2",'1_Cables_Completo'!$R$2:$R$634,"MOTOR/ACCIONAMIENTO")/=SUMIF('1_Cables_Completo'!$K$2:$K$634,"CPF2",'1_Cables_Completo'!$P$2:$P$634),0) | H25: SUMIFS(P,K,"CPF2",R,"MOTOR/ACCIONAMIENTO") | J25: Terminales en caja JB del motor / borne motor
A26: VFD/VARIADOR | B26: =COUNTIFS('1_Cables_Completo'!$K$2:$K$634,"CPF2",'1_Cables_Completo'!$R$2:$R$634,"VFD/VARIADOR") | C26: =SUMIFS('1_Cables_Completo'!$N$2:$N$634,'1_Cables_Completo'!$K$2:$K$634,"CPF2",'1_Cables_Completo'!$R$2:$R$634,"VFD/VARIADOR") | D26: =SUMIFS('1_Cables_Completo'!$O$2:$O$634,'1_Cables_Completo'!$K$2:$K$634,"CPF2",'1_Cables_Completo'!$R$2:$R$634,"VFD/VARIADOR") | E26: =SUMIFS('1_Cables_Completo'!$P$2:$P$634,'1_Cables_Completo'!$K$2:$K$634,"CPF2",'1_Cables_Completo'!$R$2:$R$634,"VFD/VARIADOR") | F26: =IF(=SUMIF('1_Cables_Completo'!$K$2:$K$634,"CPF2",'1_Cables_Completo'!$P$2:$P$634)>0,=SUMIFS('1_Cables_Completo'!$P$2:$P$634,'1_Cables_Completo'!$K$2:$K$634,"CPF2",'1_Cables_Completo'!$R$2:$R$634,"VFD/VARIADOR")/=SUMIF('1_Cables_Completo'!$K$2:$K$634,"CPF2",'1_Cables_Completo'!$P$2:$P$634),0) | H26: SUMIFS(P,K,"CPF2",R,"VFD/VARIADOR") | J26: Terminales en regleta de campo del VFD
A27: TABLERO/CCM | B27: =COUNTIFS('1_Cables_Completo'!$K$2:$K$634,"CPF2",'1_Cables_Completo'!$R$2:$R$634,"TABLERO/CCM") | C27: =SUMIFS('1_Cables_Completo'!$N$2:$N$634,'1_Cables_Completo'!$K$2:$K$634,"CPF2",'1_Cables_Completo'!$R$2:$R$634,"TABLERO/CCM") | D27: =SUMIFS('1_Cables_Completo'!$O$2:$O$634,'1_Cables_Completo'!$K$2:$K$634,"CPF2",'1_Cables_Completo'!$R$2:$R$634,"TABLERO/CCM") | E27: =SUMIFS('1_Cables_Completo'!$P$2:$P$634,'1_Cables_Completo'!$K$2:$K$634,"CPF2",'1_Cables_Completo'!$R$2:$R$634,"TABLERO/CCM") | F27: =IF(=SUMIF('1_Cables_Completo'!$K$2:$K$634,"CPF2",'1_Cables_Completo'!$P$2:$P$634)>0,=SUMIFS('1_Cables_Completo'!$P$2:$P$634,'1_Cables_Completo'!$K$2:$K$634,"CPF2",'1_Cables_Completo'!$R$2:$R$634,"TABLERO/CCM")/=SUMIF('1_Cables_Completo'!$K$2:$K$634,"CPF2",'1_Cables_Completo'!$P$2:$P$634),0) | H27: SUMIFS(P,K,"CPF2",R,"TABLERO/CCM") | J27: Borneras en frente del tablero destino
A28: UPS/RECTIF/SSAA | B28: =COUNTIFS('1_Cables_Completo'!$K$2:$K$634,"CPF2",'1_Cables_Completo'!$R$2:$R$634,"UPS/RECTIF/SSAA") | C28: =SUMIFS('1_Cables_Completo'!$N$2:$N$634,'1_Cables_Completo'!$K$2:$K$634,"CPF2",'1_Cables_Completo'!$R$2:$R$634,"UPS/RECTIF/SSAA") | D28: =SUMIFS('1_Cables_Completo'!$O$2:$O$634,'1_Cables_Completo'!$K$2:$K$634,"CPF2",'1_Cables_Completo'!$R$2:$R$634,"UPS/RECTIF/SSAA") | E28: =SUMIFS('1_Cables_Completo'!$P$2:$P$634,'1_Cables_Completo'!$K$2:$K$634,"CPF2",'1_Cables_Completo'!$R$2:$R$634,"UPS/RECTIF/SSAA") | F28: =IF(=SUMIF('1_Cables_Completo'!$K$2:$K$634,"CPF2",'1_Cables_Completo'!$P$2:$P$634)>0,=SUMIFS('1_Cables_Completo'!$P$2:$P$634,'1_Cables_Completo'!$K$2:$K$634,"CPF2",'1_Cables_Completo'!$R$2:$R$634,"UPS/RECTIF/SSAA")/=SUMIF('1_Cables_Completo'!$K$2:$K$634,"CPF2",'1_Cables_Completo'!$P$2:$P$634),0) | H28: SUMIFS(P,K,"CPF2",R,"UPS/RECTIF/SSAA") | J28: Borneras panel UPS/VCC/ATS
A29: ILUMINACION | B29: =COUNTIFS('1_Cables_Completo'!$K$2:$K$634,"CPF2",'1_Cables_Completo'!$R$2:$R$634,"ILUMINACION") | C29: =SUMIFS('1_Cables_Completo'!$N$2:$N$634,'1_Cables_Completo'!$K$2:$K$634,"CPF2",'1_Cables_Completo'!$R$2:$R$634,"ILUMINACION") | D29: =SUMIFS('1_Cables_Completo'!$O$2:$O$634,'1_Cables_Completo'!$K$2:$K$634,"CPF2",'1_Cables_Completo'!$R$2:$R$634,"ILUMINACION") | E29: =SUMIFS('1_Cables_Completo'!$P$2:$P$634,'1_Cables_Completo'!$K$2:$K$634,"CPF2",'1_Cables_Completo'!$R$2:$R$634,"ILUMINACION") | F29: =IF(=SUMIF('1_Cables_Completo'!$K$2:$K$634,"CPF2",'1_Cables_Completo'!$P$2:$P$634)>0,=SUMIFS('1_Cables_Completo'!$P$2:$P$634,'1_Cables_Completo'!$K$2:$K$634,"CPF2",'1_Cables_Completo'!$R$2:$R$634,"ILUMINACION")/=SUMIF('1_Cables_Completo'!$K$2:$K$634,"CPF2",'1_Cables_Completo'!$P$2:$P$634),0) | H29: SUMIFS(P,K,"CPF2",R,"ILUMINACION") | J29: Regleta en caja de conexión luminaria
A30: CALEFACCION/TRAZADO | B30: =COUNTIFS('1_Cables_Completo'!$K$2:$K$634,"CPF2",'1_Cables_Completo'!$R$2:$R$634,"CALEFACCION/TRAZADO") | C30: =SUMIFS('1_Cables_Completo'!$N$2:$N$634,'1_Cables_Completo'!$K$2:$K$634,"CPF2",'1_Cables_Completo'!$R$2:$R$634,"CALEFACCION/TRAZADO") | D30: =SUMIFS('1_Cables_Completo'!$O$2:$O$634,'1_Cables_Completo'!$K$2:$K$634,"CPF2",'1_Cables_Completo'!$R$2:$R$634,"CALEFACCION/TRAZADO") | E30: =SUMIFS('1_Cables_Completo'!$P$2:$P$634,'1_Cables_Completo'!$K$2:$K$634,"CPF2",'1_Cables_Completo'!$R$2:$R$634,"CALEFACCION/TRAZADO") | F30: =IF(=SUMIF('1_Cables_Completo'!$K$2:$K$634,"CPF2",'1_Cables_Completo'!$P$2:$P$634)>0,=SUMIFS('1_Cables_Completo'!$P$2:$P$634,'1_Cables_Completo'!$K$2:$K$634,"CPF2",'1_Cables_Completo'!$R$2:$R$634,"CALEFACCION/TRAZADO")/=SUMIF('1_Cables_Completo'!$K$2:$K$634,"CPF2",'1_Cables_Completo'!$P$2:$P$634),0) | H30: SUMIFS(P,K,"CPF2",R,"CALEFACCION/TRAZADO") | J30: Borne heater / junction box trazado
A31: TOMACORRIENTE | B31: =COUNTIFS('1_Cables_Completo'!$K$2:$K$634,"CPF2",'1_Cables_Completo'!$R$2:$R$634,"TOMACORRIENTE") | C31: =SUMIFS('1_Cables_Completo'!$N$2:$N$634,'1_Cables_Completo'!$K$2:$K$634,"CPF2",'1_Cables_Completo'!$R$2:$R$634,"TOMACORRIENTE") | D31: =SUMIFS('1_Cables_Completo'!$O$2:$O$634,'1_Cables_Completo'!$K$2:$K$634,"CPF2",'1_Cables_Completo'!$R$2:$R$634,"TOMACORRIENTE") | E31: =SUMIFS('1_Cables_Completo'!$P$2:$P$634,'1_Cables_Completo'!$K$2:$K$634,"CPF2",'1_Cables_Completo'!$R$2:$R$634,"TOMACORRIENTE") | F31: =IF(=SUMIF('1_Cables_Completo'!$K$2:$K$634,"CPF2",'1_Cables_Completo'!$P$2:$P$634)>0,=SUMIFS('1_Cables_Completo'!$P$2:$P$634,'1_Cables_Completo'!$K$2:$K$634,"CPF2",'1_Cables_Completo'!$R$2:$R$634,"TOMACORRIENTE")/=SUMIF('1_Cables_Completo'!$K$2:$K$634,"CPF2",'1_Cables_Completo'!$P$2:$P$634),0) | H31: SUMIFS(P,K,"CPF2",R,"TOMACORRIENTE") | J31: Borne regleta tomacorriente
A32: INSTRUMENTO/SENSOR | B32: =COUNTIFS('1_Cables_Completo'!$K$2:$K$634,"CPF2",'1_Cables_Completo'!$R$2:$R$634,"INSTRUMENTO/SENSOR") | C32: =SUMIFS('1_Cables_Completo'!$N$2:$N$634,'1_Cables_Completo'!$K$2:$K$634,"CPF2",'1_Cables_Completo'!$R$2:$R$634,"INSTRUMENTO/SENSOR") | D32: =SUMIFS('1_Cables_Completo'!$O$2:$O$634,'1_Cables_Completo'!$K$2:$K$634,"CPF2",'1_Cables_Completo'!$R$2:$R$634,"INSTRUMENTO/SENSOR") | E32: =SUMIFS('1_Cables_Completo'!$P$2:$P$634,'1_Cables_Completo'!$K$2:$K$634,"CPF2",'1_Cables_Completo'!$R$2:$R$634,"INSTRUMENTO/SENSOR") | F32: =IF(=SUMIF('1_Cables_Completo'!$K$2:$K$634,"CPF2",'1_Cables_Completo'!$P$2:$P$634)>0,=SUMIFS('1_Cables_Completo'!$P$2:$P$634,'1_Cables_Completo'!$K$2:$K$634,"CPF2",'1_Cables_Completo'!$R$2:$R$634,"INSTRUMENTO/SENSOR")/=SUMIF('1_Cables_Completo'!$K$2:$K$634,"CPF2",'1_Cables_Completo'!$P$2:$P$634),0) | H32: SUMIFS(P,K,"CPF2",R,"INSTRUMENTO/SENSOR") | J32: Borneras Head / JB instrumento
A33: SEÑAL/FO | B33: =COUNTIFS('1_Cables_Completo'!$K$2:$K$634,"CPF2",'1_Cables_Completo'!$R$2:$R$634,"SEÑAL/FO") | C33: =SUMIFS('1_Cables_Completo'!$N$2:$N$634,'1_Cables_Completo'!$K$2:$K$634,"CPF2",'1_Cables_Completo'!$R$2:$R$634,"SEÑAL/FO") | D33: =SUMIFS('1_Cables_Completo'!$O$2:$O$634,'1_Cables_Completo'!$K$2:$K$634,"CPF2",'1_Cables_Completo'!$R$2:$R$634,"SEÑAL/FO") | E33: =SUMIFS('1_Cables_Completo'!$P$2:$P$634,'1_Cables_Completo'!$K$2:$K$634,"CPF2",'1_Cables_Completo'!$R$2:$R$634,"SEÑAL/FO") | F33: =IF(=SUMIF('1_Cables_Completo'!$K$2:$K$634,"CPF2",'1_Cables_Completo'!$P$2:$P$634)>0,=SUMIFS('1_Cables_Completo'!$P$2:$P$634,'1_Cables_Completo'!$K$2:$K$634,"CPF2",'1_Cables_Completo'!$R$2:$R$634,"SEÑAL/FO")/=SUMIF('1_Cables_Completo'!$K$2:$K$634,"CPF2",'1_Cables_Completo'!$P$2:$P$634),0) | H33: SUMIFS(P,K,"CPF2",R,"SEÑAL/FO") | J33: Conector SC/LC fibra ó bornera señal
A34: CONTROL | B34: =COUNTIFS('1_Cables_Completo'!$K$2:$K$634,"CPF2",'1_Cables_Completo'!$R$2:$R$634,"CONTROL") | C34: =SUMIFS('1_Cables_Completo'!$N$2:$N$634,'1_Cables_Completo'!$K$2:$K$634,"CPF2",'1_Cables_Completo'!$R$2:$R$634,"CONTROL") | D34: =SUMIFS('1_Cables_Completo'!$O$2:$O$634,'1_Cables_Completo'!$K$2:$K$634,"CPF2",'1_Cables_Completo'!$R$2:$R$634,"CONTROL") | E34: =SUMIFS('1_Cables_Completo'!$P$2:$P$634,'1_Cables_Completo'!$K$2:$K$634,"CPF2",'1_Cables_Completo'!$R$2:$R$634,"CONTROL") | F34: =IF(=SUMIF('1_Cables_Completo'!$K$2:$K$634,"CPF2",'1_Cables_Completo'!$P$2:$P$634)>0,=SUMIFS('1_Cables_Completo'!$P$2:$P$634,'1_Cables_Completo'!$K$2:$K$634,"CPF2",'1_Cables_Completo'!$R$2:$R$634,"CONTROL")/=SUMIF('1_Cables_Completo'!$K$2:$K$634,"CPF2",'1_Cables_Completo'!$P$2:$P$634),0) | H34: SUMIFS(P,K,"CPF2",R,"CONTROL") | J34: Borneras gabinete control
A35: OTROS/VERIFICAR | B35: =COUNTIFS('1_Cables_Completo'!$K$2:$K$634,"CPF2",'1_Cables_Completo'!$R$2:$R$634,"OTROS/VERIFICAR") | C35: =SUMIFS('1_Cables_Completo'!$N$2:$N$634,'1_Cables_Completo'!$K$2:$K$634,"CPF2",'1_Cables_Completo'!$R$2:$R$634,"OTROS/VERIFICAR") | D35: =SUMIFS('1_Cables_Completo'!$O$2:$O$634,'1_Cables_Completo'!$K$2:$K$634,"CPF2",'1_Cables_Completo'!$R$2:$R$634,"OTROS/VERIFICAR") | E35: =SUMIFS('1_Cables_Completo'!$P$2:$P$634,'1_Cables_Completo'!$K$2:$K$634,"CPF2",'1_Cables_Completo'!$R$2:$R$634,"OTROS/VERIFICAR") | F35: =IF(=SUMIF('1_Cables_Completo'!$K$2:$K$634,"CPF2",'1_Cables_Completo'!$P$2:$P$634)>0,=SUMIFS('1_Cables_Completo'!$P$2:$P$634,'1_Cables_Completo'!$K$2:$K$634,"CPF2",'1_Cables_Completo'!$R$2:$R$634,"OTROS/VERIFICAR")/=SUMIF('1_Cables_Completo'!$K$2:$K$634,"CPF2",'1_Cables_Completo'!$P$2:$P$634),0) | H35: SUMIFS(P,K,"CPF2",R,"OTROS/VERIFICAR") | J35: Sin clasificar — revisar lista cables
A36: TOTAL (debe = Gran Total sección A) | B36: =COUNTIF('1_Cables_Completo'!$K$2:$K$634,"CPF2") | C36: =SUMIF('1_Cables_Completo'!$K$2:$K$634,"CPF2",'1_Cables_Completo'!$N$2:$N$634) | D36: =SUMIF('1_Cables_Completo'!$K$2:$K$634,"CPF2",'1_Cables_Completo'!$O$2:$O$634) | E36: =SUMIF('1_Cables_Completo'!$K$2:$K$634,"CPF2",'1_Cables_Completo'!$P$2:$P$634) | F36: =IF(=SUMIF('1_Cables_Completo'!$K$2:$K$634,"CPF2",'1_Cables_Completo'!$P$2:$P$634)==SUMIF('1_Cables_Completo'!$K$2:$K$634,"CPF2",'1_Cables_Completo'!$P$2:$P$634),"✓ CIERRA","✗ REVISAR")
A38: D. COMPARATIVO CPF-1 vs CPF-2 (CPF-1 = scope EPC externo, referencia solamente)
A39: CPF | B39: Tipo Cable | C39: Cables | D39: Puntas Conductores | E39: Puntas Armadura | F39: TOTAL PUNTAS | H39: Fórmula
A40: CPF2 | B40: POTENCIA MT (>1kV) | C40: =COUNTIFS('1_Cables_Completo'!$K$2:$K$634,"CPF2",'1_Cables_Completo'!$Q$2:$Q$634,"POTENCIA MT (>1kV)") | D40: =SUMIFS('1_Cables_Completo'!$N$2:$N$634,'1_Cables_Completo'!$K$2:$K$634,"CPF2",'1_Cables_Completo'!$Q$2:$Q$634,"POTENCIA MT (>1kV)") | E40: =SUMIFS('1_Cables_Completo'!$O$2:$O$634,'1_Cables_Completo'!$K$2:$K$634,"CPF2",'1_Cables_Completo'!$Q$2:$Q$634,"POTENCIA MT (>1kV)") | F40: =SUMIFS('1_Cables_Completo'!$P$2:$P$634,'1_Cables_Completo'!$K$2:$K$634,"CPF2",'1_Cables_Completo'!$Q$2:$Q$634,"POTENCIA MT (>1kV)")
A41: CPF2 | B41: POTENCIA BT GRANDE (≥95mm²) | C41: =COUNTIFS('1_Cables_Completo'!$K$2:$K$634,"CPF2",'1_Cables_Completo'!$Q$2:$Q$634,"POTENCIA BT GRANDE (≥95mm²)") | D41: =SUMIFS('1_Cables_Completo'!$N$2:$N$634,'1_Cables_Completo'!$K$2:$K$634,"CPF2",'1_Cables_Completo'!$Q$2:$Q$634,"POTENCIA BT GRANDE (≥95mm²)") | E41: =SUMIFS('1_Cables_Completo'!$O$2:$O$634,'1_Cables_Completo'!$K$2:$K$634,"CPF2",'1_Cables_Completo'!$Q$2:$Q$634,"POTENCIA BT GRANDE (≥95mm²)") | F41: =SUMIFS('1_Cables_Completo'!$P$2:$P$634,'1_Cables_Completo'!$K$2:$K$634,"CPF2",'1_Cables_Completo'!$Q$2:$Q$634,"POTENCIA BT GRANDE (≥95mm²)")
A42: CPF2 | B42: POTENCIA BT MEDIANA (35-70mm²) | C42: =COUNTIFS('1_Cables_Completo'!$K$2:$K$634,"CPF2",'1_Cables_Completo'!$Q$2:$Q$634,"POTENCIA BT MEDIANA (35-70mm²)") | D42: =SUMIFS('1_Cables_Completo'!$N$2:$N$634,'1_Cables_Completo'!$K$2:$K$634,"CPF2",'1_Cables_Completo'!$Q$2:$Q$634,"POTENCIA BT MEDIANA (35-70mm²)") | E42: =SUMIFS('1_Cables_Completo'!$O$2:$O$634,'1_Cables_Completo'!$K$2:$K$634,"CPF2",'1_Cables_Completo'!$Q$2:$Q$634,"POTENCIA BT MEDIANA (35-70mm²)") | F42: =SUMIFS('1_Cables_Completo'!$P$2:$P$634,'1_Cables_Completo'!$K$2:$K$634,"CPF2",'1_Cables_Completo'!$Q$2:$Q$634,"POTENCIA BT MEDIANA (35-70mm²)")
A43: CPF2 | B43: POTENCIA BT PEQUEÑA (10-25mm²) | C43: =COUNTIFS('1_Cables_Completo'!$K$2:$K$634,"CPF2",'1_Cables_Completo'!$Q$2:$Q$634,"POTENCIA BT PEQUEÑA (10-25mm²)") | D43: =SUMIFS('1_Cables_Completo'!$N$2:$N$634,'1_Cables_Completo'!$K$2:$K$634,"CPF2",'1_Cables_Completo'!$Q$2:$Q$634,"POTENCIA BT PEQUEÑA (10-25mm²)") | E43: =SUMIFS('1_Cables_Completo'!$O$2:$O$634,'1_Cables_Completo'!$K$2:$K$634,"CPF2",'1_Cables_Completo'!$Q$2:$Q$634,"POTENCIA BT PEQUEÑA (10-25mm²)") | F43: =SUMIFS('1_Cables_Completo'!$P$2:$P$634,'1_Cables_Completo'!$K$2:$K$634,"CPF2",'1_Cables_Completo'!$Q$2:$Q$634,"POTENCIA BT PEQUEÑA (10-25mm²)")
A44: CPF2 | B44: POTENCIA BT MUY PEQ (<10mm²) | C44: =COUNTIFS('1_Cables_Completo'!$K$2:$K$634,"CPF2",'1_Cables_Completo'!$Q$2:$Q$634,"POTENCIA BT MUY PEQ (<10mm²)") | D44: =SUMIFS('1_Cables_Completo'!$N$2:$N$634,'1_Cables_Completo'!$K$2:$K$634,"CPF2",'1_Cables_Completo'!$Q$2:$Q$634,"POTENCIA BT MUY PEQ (<10mm²)") | E44: =SUMIFS('1_Cables_Completo'!$O$2:$O$634,'1_Cables_Completo'!$K$2:$K$634,"CPF2",'1_Cables_Completo'!$Q$2:$Q$634,"POTENCIA BT MUY PEQ (<10mm²)") | F44: =SUMIFS('1_Cables_Completo'!$P$2:$P$634,'1_Cables_Completo'!$K$2:$K$634,"CPF2",'1_Cables_Completo'!$Q$2:$Q$634,"POTENCIA BT MUY PEQ (<10mm²)")
A45: CPF2 | B45: CONTROL | C45: =COUNTIFS('1_Cables_Completo'!$K$2:$K$634,"CPF2",'1_Cables_Completo'!$Q$2:$Q$634,"CONTROL") | D45: =SUMIFS('1_Cables_Completo'!$N$2:$N$634,'1_Cables_Completo'!$K$2:$K$634,"CPF2",'1_Cables_Completo'!$Q$2:$Q$634,"CONTROL") | E45: =SUMIFS('1_Cables_Completo'!$O$2:$O$634,'1_Cables_Completo'!$K$2:$K$634,"CPF2",'1_Cables_Completo'!$Q$2:$Q$634,"CONTROL") | F45: =SUMIFS('1_Cables_Completo'!$P$2:$P$634,'1_Cables_Completo'!$K$2:$K$634,"CPF2",'1_Cables_Completo'!$Q$2:$Q$634,"CONTROL")
A46: CPF2 | B46: SEÑAL / INSTRUMENTO | C46: =COUNTIFS('1_Cables_Completo'!$K$2:$K$634,"CPF2",'1_Cables_Completo'!$Q$2:$Q$634,"SEÑAL / INSTRUMENTO") | D46: =SUMIFS('1_Cables_Completo'!$N$2:$N$634,'1_Cables_Completo'!$K$2:$K$634,"CPF2",'1_Cables_Completo'!$Q$2:$Q$634,"SEÑAL / INSTRUMENTO") | E46: =SUMIFS('1_Cables_Completo'!$O$2:$O$634,'1_Cables_Completo'!$K$2:$K$634,"CPF2",'1_Cables_Completo'!$Q$2:$Q$634,"SEÑAL / INSTRUMENTO") | F46: =SUMIFS('1_Cables_Completo'!$P$2:$P$634,'1_Cables_Completo'!$K$2:$K$634,"CPF2",'1_Cables_Completo'!$Q$2:$Q$634,"SEÑAL / INSTRUMENTO")
A47: CPF2 | B47: FO / ETHERNET | C47: =COUNTIFS('1_Cables_Completo'!$K$2:$K$634,"CPF2",'1_Cables_Completo'!$Q$2:$Q$634,"FO / ETHERNET") | D47: =SUMIFS('1_Cables_Completo'!$N$2:$N$634,'1_Cables_Completo'!$K$2:$K$634,"CPF2",'1_Cables_Completo'!$Q$2:$Q$634,"FO / ETHERNET") | E47: =SUMIFS('1_Cables_Completo'!$O$2:$O$634,'1_Cables_Completo'!$K$2:$K$634,"CPF2",'1_Cables_Completo'!$Q$2:$Q$634,"FO / ETHERNET") | F47: =SUMIFS('1_Cables_Completo'!$P$2:$P$634,'1_Cables_Completo'!$K$2:$K$634,"CPF2",'1_Cables_Completo'!$Q$2:$Q$634,"FO / ETHERNET")
A48: CPF2 | B48: OTROS/VERIFICAR | C48: =COUNTIFS('1_Cables_Completo'!$K$2:$K$634,"CPF2",'1_Cables_Completo'!$Q$2:$Q$634,"OTROS/VERIFICAR") | D48: =SUMIFS('1_Cables_Completo'!$N$2:$N$634,'1_Cables_Completo'!$K$2:$K$634,"CPF2",'1_Cables_Completo'!$Q$2:$Q$634,"OTROS/VERIFICAR") | E48: =SUMIFS('1_Cables_Completo'!$O$2:$O$634,'1_Cables_Completo'!$K$2:$K$634,"CPF2",'1_Cables_Completo'!$Q$2:$Q$634,"OTROS/VERIFICAR") | F48: =SUMIFS('1_Cables_Completo'!$P$2:$P$634,'1_Cables_Completo'!$K$2:$K$634,"CPF2",'1_Cables_Completo'!$Q$2:$Q$634,"OTROS/VERIFICAR")
A49: TOTAL CPF2 | C49: =SUMIF('1_Cables_Completo'!$K$2:$K$634,"CPF2",'1_Cables_Completo'!$N$2:$N$634) | D49: =SUMIF('1_Cables_Completo'!$K$2:$K$634,"CPF2",'1_Cables_Completo'!$O$2:$O$634) | E49: =SUMIF('1_Cables_Completo'!$K$2:$K$634,"CPF2",'1_Cables_Completo'!$P$2:$P$634)
A51: CPF1 | B51: POTENCIA MT (>1kV) | C51: =COUNTIFS('1_Cables_Completo'!$K$2:$K$634,"CPF1",'1_Cables_Completo'!$Q$2:$Q$634,"POTENCIA MT (>1kV)") | D51: =SUMIFS('1_Cables_Completo'!$N$2:$N$634,'1_Cables_Completo'!$K$2:$K$634,"CPF1",'1_Cables_Completo'!$Q$2:$Q$634,"POTENCIA MT (>1kV)") | E51: =SUMIFS('1_Cables_Completo'!$O$2:$O$634,'1_Cables_Completo'!$K$2:$K$634,"CPF1",'1_Cables_Completo'!$Q$2:$Q$634,"POTENCIA MT (>1kV)") | F51: =SUMIFS('1_Cables_Completo'!$P$2:$P$634,'1_Cables_Completo'!$K$2:$K$634,"CPF1",'1_Cables_Completo'!$Q$2:$Q$634,"POTENCIA MT (>1kV)")
A52: CPF1 | B52: POTENCIA BT GRANDE (≥95mm²) | C52: =COUNTIFS('1_Cables_Completo'!$K$2:$K$634,"CPF1",'1_Cables_Completo'!$Q$2:$Q$634,"POTENCIA BT GRANDE (≥95mm²)") | D52: =SUMIFS('1_Cables_Completo'!$N$2:$N$634,'1_Cables_Completo'!$K$2:$K$634,"CPF1",'1_Cables_Completo'!$Q$2:$Q$634,"POTENCIA BT GRANDE (≥95mm²)") | E52: =SUMIFS('1_Cables_Completo'!$O$2:$O$634,'1_Cables_Completo'!$K$2:$K$634,"CPF1",'1_Cables_Completo'!$Q$2:$Q$634,"POTENCIA BT GRANDE (≥95mm²)") | F52: =SUMIFS('1_Cables_Completo'!$P$2:$P$634,'1_Cables_Completo'!$K$2:$K$634,"CPF1",'1_Cables_Completo'!$Q$2:$Q$634,"POTENCIA BT GRANDE (≥95mm²)")
A53: CPF1 | B53: POTENCIA BT MEDIANA (35-70mm²) | C53: =COUNTIFS('1_Cables_Completo'!$K$2:$K$634,"CPF1",'1_Cables_Completo'!$Q$2:$Q$634,"POTENCIA BT MEDIANA (35-70mm²)") | D53: =SUMIFS('1_Cables_Completo'!$N$2:$N$634,'1_Cables_Completo'!$K$2:$K$634,"CPF1",'1_Cables_Completo'!$Q$2:$Q$634,"POTENCIA BT MEDIANA (35-70mm²)") | E53: =SUMIFS('1_Cables_Completo'!$O$2:$O$634,'1_Cables_Completo'!$K$2:$K$634,"CPF1",'1_Cables_Completo'!$Q$2:$Q$634,"POTENCIA BT MEDIANA (35-70mm²)") | F53: =SUMIFS('1_Cables_Completo'!$P$2:$P$634,'1_Cables_Completo'!$K$2:$K$634,"CPF1",'1_Cables_Completo'!$Q$2:$Q$634,"POTENCIA BT MEDIANA (35-70mm²)")
A54: CPF1 | B54: POTENCIA BT PEQUEÑA (10-25mm²) | C54: =COUNTIFS('1_Cables_Completo'!$K$2:$K$634,"CPF1",'1_Cables_Completo'!$Q$2:$Q$634,"POTENCIA BT PEQUEÑA (10-25mm²)") | D54: =SUMIFS('1_Cables_Completo'!$N$2:$N$634,'1_Cables_Completo'!$K$2:$K$634,"CPF1",'1_Cables_Completo'!$Q$2:$Q$634,"POTENCIA BT PEQUEÑA (10-25mm²)") | E54: =SUMIFS('1_Cables_Completo'!$O$2:$O$634,'1_Cables_Completo'!$K$2:$K$634,"CPF1",'1_Cables_Completo'!$Q$2:$Q$634,"POTENCIA BT PEQUEÑA (10-25mm²)") | F54: =SUMIFS('1_Cables_Completo'!$P$2:$P$634,'1_Cables_Completo'!$K$2:$K$634,"CPF1",'1_Cables_Completo'!$Q$2:$Q$634,"POTENCIA BT PEQUEÑA (10-25mm²)")
A55: CPF1 | B55: POTENCIA BT MUY PEQ (<10mm²) | C55: =COUNTIFS('1_Cables_Completo'!$K$2:$K$634,"CPF1",'1_Cables_Completo'!$Q$2:$Q$634,"POTENCIA BT MUY PEQ (<10mm²)") | D55: =SUMIFS('1_Cables_Completo'!$N$2:$N$634,'1_Cables_Completo'!$K$2:$K$634,"CPF1",'1_Cables_Completo'!$Q$2:$Q$634,"POTENCIA BT MUY PEQ (<10mm²)") | E55: =SUMIFS('1_Cables_Completo'!$O$2:$O$634,'1_Cables_Completo'!$K$2:$K$634,"CPF1",'1_Cables_Completo'!$Q$2:$Q$634,"POTENCIA BT MUY PEQ (<10mm²)") | F55: =SUMIFS('1_Cables_Completo'!$P$2:$P$634,'1_Cables_Completo'!$K$2:$K$634,"CPF1",'1_Cables_Completo'!$Q$2:$Q$634,"POTENCIA BT MUY PEQ (<10mm²)")
A56: CPF1 | B56: CONTROL | C56: =COUNTIFS('1_Cables_Completo'!$K$2:$K$634,"CPF1",'1_Cables_Completo'!$Q$2:$Q$634,"CONTROL") | D56: =SUMIFS('1_Cables_Completo'!$N$2:$N$634,'1_Cables_Completo'!$K$2:$K$634,"CPF1",'1_Cables_Completo'!$Q$2:$Q$634,"CONTROL") | E56: =SUMIFS('1_Cables_Completo'!$O$2:$O$634,'1_Cables_Completo'!$K$2:$K$634,"CPF1",'1_Cables_Completo'!$Q$2:$Q$634,"CONTROL") | F56: =SUMIFS('1_Cables_Completo'!$P$2:$P$634,'1_Cables_Completo'!$K$2:$K$634,"CPF1",'1_Cables_Completo'!$Q$2:$Q$634,"CONTROL")
A57: CPF1 | B57: SEÑAL / INSTRUMENTO | C57: =COUNTIFS('1_Cables_Completo'!$K$2:$K$634,"CPF1",'1_Cables_Completo'!$Q$2:$Q$634,"SEÑAL / INSTRUMENTO") | D57: =SUMIFS('1_Cables_Completo'!$N$2:$N$634,'1_Cables_Completo'!$K$2:$K$634,"CPF1",'1_Cables_Completo'!$Q$2:$Q$634,"SEÑAL / INSTRUMENTO") | E57: =SUMIFS('1_Cables_Completo'!$O$2:$O$634,'1_Cables_Completo'!$K$2:$K$634,"CPF1",'1_Cables_Completo'!$Q$2:$Q$634,"SEÑAL / INSTRUMENTO") | F57: =SUMIFS('1_Cables_Completo'!$P$2:$P$634,'1_Cables_Completo'!$K$2:$K$634,"CPF1",'1_Cables_Completo'!$Q$2:$Q$634,"SEÑAL / INSTRUMENTO")
A58: CPF1 | B58: FO / ETHERNET | C58: =COUNTIFS('1_Cables_Completo'!$K$2:$K$634,"CPF1",'1_Cables_Completo'!$Q$2:$Q$634,"FO / ETHERNET") | D58: =SUMIFS('1_Cables_Completo'!$N$2:$N$634,'1_Cables_Completo'!$K$2:$K$634,"CPF1",'1_Cables_Completo'!$Q$2:$Q$634,"FO / ETHERNET") | E58: =SUMIFS('1_Cables_Completo'!$O$2:$O$634,'1_Cables_Completo'!$K$2:$K$634,"CPF1",'1_Cables_Completo'!$Q$2:$Q$634,"FO / ETHERNET") | F58: =SUMIFS('1_Cables_Completo'!$P$2:$P$634,'1_Cables_Completo'!$K$2:$K$634,"CPF1",'1_Cables_Completo'!$Q$2:$Q$634,"FO / ETHERNET")
A59: CPF1 | B59: OTROS/VERIFICAR | C59: =COUNTIFS('1_Cables_Completo'!$K$2:$K$634,"CPF1",'1_Cables_Completo'!$Q$2:$Q$634,"OTROS/VERIFICAR") | D59: =SUMIFS('1_Cables_Completo'!$N$2:$N$634,'1_Cables_Completo'!$K$2:$K$634,"CPF1",'1_Cables_Completo'!$Q$2:$Q$634,"OTROS/VERIFICAR") | E59: =SUMIFS('1_Cables_Completo'!$O$2:$O$634,'1_Cables_Completo'!$K$2:$K$634,"CPF1",'1_Cables_Completo'!$Q$2:$Q$634,"OTROS/VERIFICAR") | F59: =SUMIFS('1_Cables_Completo'!$P$2:$P$634,'1_Cables_Completo'!$K$2:$K$634,"CPF1",'1_Cables_Completo'!$Q$2:$Q$634,"OTROS/VERIFICAR")
A60: TOTAL CPF1 | C60: =SUMIF('1_Cables_Completo'!$K$2:$K$634,"CPF1",'1_Cables_Completo'!$N$2:$N$634) | D60: =SUMIF('1_Cables_Completo'!$K$2:$K$634,"CPF1",'1_Cables_Completo'!$O$2:$O$634) | E60: =SUMIF('1_Cables_Completo'!$K$2:$K$634,"CPF1",'1_Cables_Completo'!$P$2:$P$634)
A62: E. METODOLOGÍA — CÓMO LEER ESTE ANÁLISIS
A63: ¿Qué es una PUNTA? | C63: Es un conductor individual (hilo de cobre o aluminio) en un extremo de un cable que debe ser conectado. Ejemplos: un cable 3x240mm² tiene 3 conductores → 3 puntas por extremo → 6 puntas totales + 2 glands armadura = 8 puntas.
A64: Columna COND/PUNTA (col.L) | C64: Cantidad de conductores en cada extremo del cable, extraída de la formación. 7x2.5+T = 8 cond/punta | 3x240/120 = 4 cond/punta (3 fases + 1 neutro) | 4x2x0.5 = 8 cond/punta (4 pares).
A65: Columna PTAS_COND (col.N) | C65: =COND/PUNTA × 2 extremos. Siempre par. Ejemplo: cable 7x2.5+T → 8 × 2 = 16 puntas conductor.
A66: Columna PTAS_ARM (col.O) | C66: Puntas de armadura: 2 si el cable es armado (ARMADO=SI), 0 si no. Cada extremo de un cable armado requiere 1 prensaestopa o gland metálico → 2 por cable.
A67: Columna TOTAL_PTAS (col.P) | C67: =PTAS_COND + PTAS_ARM. Esta es la columna maestra de la que se alimentan TODOS los SUMIF de esta hoja.
A68: Cierre Sheet 8 vs Sheet 1 | C68: Las secciones B, C y D usan SUMIFS sobre col.P de Sheet 1. Los subtotales de B y C verifican automáticamente con la fórmula ✓ CIERRA / ✗ REVISAR. No puede haber inconsistencias.
A69: Formaciones a verificar | C69: Cables con formación "15" (9 cables): dato ambiguo en lista, se contabilizan como 2 cond/punta. Verificar con lista de cables original.
A70: CPF-1 vs CPF-2 | C70: Solo CPF-2 es scope de este contrato. CPF-1 se muestra en sección D para contexto pero no se incluye en los totales operativos de las secciones A, B y C.

Sheet 9_Lista_Materiales
A1: LISTADO DE MATERIALES — CABLES ELÉCTRICOS | Ref. Doc: ACAL-00102-LM-E-0012-0 | Rev 3 | 13-JUN-2026 | CPF-2 LA CALERA II
A2: Documento oficial de materiales de cables para aprovisionamiento CPF-2. Las cantidades incluyen el surplus aprobado por formación. La 'FORMACIÓN' normalizada permite el cruce con la hoja 1_Cables_Completo. Revisión 0 del LM emitida el 11-JUN-2026 — sin cambios respecto a revisiones previas (Dif.=0).
A4: # | B4: Item LM | C4: Código ABB/Cliente | D4: Formación (normalizada) | E4: Descripción del Material | F4: Tensión | G4: Armado (SI/NO) | H4: Cant. Base (m) | I4: Surplus (m) | J4: Sur % | K4: TOTAL c/Surplus (m) | L4: Notas
A5: CABLES DE MEDIA TENSIÓN
A6: 1 | B6: 1.1 | C6: XLFMT_14387151 | D6: 1x70mm² MT | E6: Medium Voltage Power Cable, 1Ph Uo/U=10.5/13.2 | F6: 10.5/13.2 kV | G6: SI | H6: 120 | I6: 12 | J6: 10% | K6: 132
A7: 2 | B7: 1.2 | C7: XLFMT_14387589 | D7: 3x95mm² MT | E7: Medium Voltage Power Cable, 3Ph Uo/U=10.5/13.2 | F7: 10.5/13.2 kV | G7: SI | H7: 474 | I7: 23.7 | J7: 5% | K7: 497.7
A8: 3 | B8: 1.3 | C8: XLFMT_14387574 | D8: 3x150mm² MT | E8: Medium Voltage Power Cable, 3Ph Uo/U=10.5/13.2 | F8: 10.5/13.2 kV | G8: SI | H8: 600 | I8: 30 | J8: 5% | K8: 630
A9: 4 | B9: 1.4 | C9: XLFMT_14386605 | D9: 3x25mm² MT | E9: Medium Voltage Power Cable, 3Ph Uo/U=5.2/6.6 | F9: 5.2/6.6 kV | G9: SI | H9: 1170 | I9: 58.5 | J9: 5% | K9: 1228.5
A10: 5 | B10: 1.5 | C10: XLFMT_14386596 | D10: 3x95mm² MT | E10: Medium Voltage Power Cable, 3Ph Uo/U=5.2/6.6 | F10: 5.2/6.6 kV | G10: SI | H10: 30 | I10: 4.5 | J10: 15% | K10: 34.5
A11: Subtotal CABLES DE MEDIA TENSIÓN (5 tipos) | H11: 2394 | I11: 128.7 | J11: 5% | K11: 2522.7
A12: CABLES DE BAJA TENSIÓN SIN ARMAR
A13: 6 | B13: 2.1 | C13: XLFBT_14368315 | D13: 2x4mm² Arm | E13: Low Voltage Power Cable, 1Ph+N Uo/U= | F13: 0.6/1 kV | G13: SI | H13: 305 | I13: 30.5 | J13: 10% | K13: 335.5
A14: 7 | B14: 2.2 | C14: XLFBT_14368297 | D14: 2x10mm² Arm | E14: Low Voltage Power Cable, 1Ph+N Uo/U= | F14: 0.6/1 kV | G14: SI | H14: 30 | I14: 6 | J14: 20% | K14: 36
A15: 8 | B15: 2.3 | C15: XLFBT_14368300 | D15: 2x16mm² Arm | E15: Low Voltage Power Cable, 1Ph+N Uo/U= | F15: 0.6/1 kV | G15: SI | H15: 20 | I15: 3 | J15: 15% | K15: 23
A16: 9 | B16: 2.4 | C16: XLFBT_14368304 | D16: 2x25mm² Arm | E16: Low Voltage Power Cable, 1Ph+N Uo/U= | F16: 0.6/1 kV | G16: SI | H16: 60 | I16: 9 | J16: 15% | K16: 69
A17: 10 | B17: 2.5 | C17: XLFBT_14368317 | D17: 2x50mm² Arm | E17: Low Voltage Power Cable, 1Ph+N Uo/U= | F17: 0.6/1 kV | G17: SI | H17: 60 | I17: 6 | J17: 10% | K17: 66
A18: Subtotal CABLES DE BAJA TENSIÓN SIN ARMAR (5 tipos) | H18: 475 | I18: 54.5 | J18: 11% | K18: 529.5
A19: CABLES DE BAJA TENSIÓN ARMADOS
A20: 11 | B20: 3.1 | C20: XLFBT_14365149 | D20: 1x300mm² Arm | E20: Low Voltage Power Cable, 1Ph Uo/U= | F20: 0.6/1 kV | G20: SI | H20: 700 | I20: 35 | J20: 5% | K20: 735
A21: 12 | B21: 3.2 | C21: XLFBT_14365147 | D21: 1x240mm² Arm | E21: Low Voltage Power Cable, 1Ph Uo/U= | F21: 0.6/1 kV | G21: SI | H21: 960 | I21: 48 | J21: 5% | K21: 1008
A22: 13 | B22: 3.3 | C22: XLFBT_14369622 | D22: 3x2.5mm² Arm | E22: Low Voltage Power Cable, 1Ph+N+PE Uo/U= | F22: 0.6/1 kV | G22: SI | H22: 3050 | I22: 305 | J22: 10% | K22: 3355
A23: 14 | B23: 3.4 | C23: XLFBT_14369635 | D23: 3x4mm² Arm | E23: Low Voltage Power Cable, 1Ph+N+PE Uo/U= | F23: 0.6/1 kV | G23: SI | H23: 300 | I23: 30 | J23: 10% | K23: 330
A24: 15 | B24: 3.5 | C24: XLFBT_14368195 | D24: 2x4mm² Arm | E24: Low Voltage Power Cable, 1Ph+N Uo/U= | F24: 0.6/1 kV | G24: SI | H24: 6760 | I24: 676 | J24: 10% | K24: 7436
A25: 16 | B25: 3.6 | C25: XLFBT_14368078 | D25: 2x6mm² Arm | E25: Low Voltage Power Cable, 1Ph+N Uo/U= | F25: 0.6/1 kV | G25: SI | H25: 3420 | I25: 342 | J25: 10% | K25: 3762
A26: 17 | B26: 3.7 | C26: XLFBT_14369504 | D26: 3x25mm² Arm | E26: Low Voltage Power Cable, 1Ph+N+PE Uo/U= | F26: 0.6/1 kV | G26: SI | H26: 380 | I26: 30.4 | J26: 8% | K26: 410.4
A27: 18 | B27: 3.8 | C27: XLFBT_14366587 | D27: 3x4mm² Arm | E27: Low Voltage Power Cable, 3Ph Uo/U= | F27: 0.6/1 kV | G27: SI | H27: 300 | I27: 30 | J27: 10% | K27: 330
A28: 19 | B28: 3.9 | C28: XLFBT_14366590 | D28: 3x6mm² Arm | E28: Low Voltage Power Cable, 3Ph Uo/U= | F28: 0.6/1 kV | G28: SI | H28: 2920 | I28: 292 | J28: 10% | K28: 3212
A29: 20 | B29: 3.10 | C29: XLFBT_14366614 | D29: 3x6mm² Arm | E29: Low Voltage Power Cable, 3Ph Uo/U= | F29: 0.6/1 kV | G29: SI | H29: 150 | I29: 22.5 | J29: 15% | K29: 172.5
A30: 21 | B30: 3.11 | C30: XLFBT_14366569 | D30: 3x10mm² Arm | E30: Low Voltage Power Cable, 3Ph Uo/U= | F30: 0.6/1 kV | G30: SI | H30: 780 | I30: 62.4 | J30: 8% | K30: 842.4
A31: 22 | B31: 3.12 | C31: XLFBT_14366593 | D31: 3x10mm² Arm | E31: Low Voltage Power Cable, 3Ph Uo/U= | F31: 0.6/1 kV | G31: SI | H31: 1120 | I31: 89.6 | J31: 8% | K31: 1209.6
... A51: 42 | B51: 3.32 | C51: XLFBT_14372543 | D51: 4x3x120/70mm² Arm | E51: Low Voltage Power Cable, 3Ph+N Uo/U= | F51: 0.6/1 kV | G51: SI | H51: 4000 | I51: 200 | J51: 5% | K51: 4200
A52: Subtotal CABLES DE BAJA TENSIÓN ARMADOS (32 tipos) | H52: 52155 | I52: 4184.1 | J52: 8% | K52: 56339.1
A53: CABLES DE BAJA TENSIÓN RESISTENTES AL FUEGO
A54: 43 | B54: 4.1 | C54: XLFBT_14369262 | D54: 3x2.5mm² RF | E54: Low Voltage Power Cable, 1Ph+N+PE Uo/U= | F54: 0.6/1 kV | G54: SI | H54: 2000 | I54: 200 | J54: 10% | K54: 2200
A55: 44 | B55: 4.2 | C55: XLFBT_14369275 | D55: 3x4mm² RF | E55: Low Voltage Power Cable, 1Ph+N+PE Uo/U= | F55: 0.6/1 kV | G55: SI | H55: 1310 | I55: 131 | J55: 10% | K55: 1441
A56: 45 | B56: 4.3 | C56: XLFBT_14369158 | D56: 3x6mm² RF | E56: Low Voltage Power Cable, 1Ph+N+PE Uo/U= | F56: 0.6/1 kV | G56: SI | H56: 1480 | I56: 148 | J56: 10% | K56: 1628
A57: 46 | B57: 4.4 | C57: XLFBT_14369137 | D57: 3x10mm² RF | E57: Low Voltage Power Cable, 1Ph+N+PE Uo/U= | F57: 0.6/1 kV | G57: SI | H57: 550 | I57: 44 | J57: 8% | K57: 594
A58: 47 | B58: 4.5 | C58: XLFBT_14367741 | D58: 2x50mm² RF | E58: Low Voltage Power Cable, 1Ph+N Uo/U= | F58: 0.6/1 kV | G58: SI | H58: 60 | I58: 6 | J58: 10% | K58: 66
A59: 48 | B59: 4.6 | C59: XLFBT_14373608 | D59: 5x10mm² RF | E59: Low Voltage Power Cable, 3Ph+N+PE Uo/U= | F59: 0.6/1 kV | G59: SI | H59: 1680 | I59: 134.4 | J59: 8% | K59: 1814.4
A60: Subtotal CABLES DE BAJA TENSIÓN RESISTENTES AL FUEGO (6 tipos) | H60: 7080 | I60: 663.4 | J60: 9% | K60: 7743.4
A61: CABLES DE COMANDO Y SEÑALES
A62: 49 | B62: 5.1 | C62: XLFCO_14301417 | D62: 2x2.5mm² Arm | E62: Low Voltage Control Cable 2 conductors Uo/U= | F62: 0.6/1 kV | G62: SI | H62: 6590 | I62: 527.2 | J62: 8% | K62: 7117.2
A63: 50 | B63: 5.2 | C63: C515500IGELMCAN001 | D63: 2x2.5mm² Arm | E63: Low Voltage Control Cable 2 conductors+PE Uo/U= | F63: 0.6/1 kV | G63: SI | H63: 1050 | I63: 84 | J63: 8% | K63: 1134
A64: 51 | B64: 5.3 | C64: XLFCO_14301736 | D64: 3x2.5mm² Arm | E64: Low Voltage Control Cable 3 conductors Uo/U= | F64: 0.6/1 kV | G64: SI | H64: 160 | I64: 16 | J64: 10% | K64: 176
A65: 52 | B65: 5.4 | C65: C515500IGELMCAN002 | D65: 3x2.5mm² Arm | E65: Low Voltage Control Cable 3 conductors+PE Uo/U= | F65: 0.6/1 kV | G65: SI | H65: 40 | I65: 6 | J65: 15% | K65: 46
A66: 53 | B66: 5.5 | C66: XLFCO_14301129 | D66: 7x2.5mm² Arm | E66: Low Voltage Control Cable 7 conductors Uo/U= | F66: 0.6/1 kV | G66: SI | H66: 19820 | I66: 1585.6 | J66: 8% | K66: 21405.6
A67: 54 | B67: 5.6 | C67: XLFCO_14301235 | D67: 12x2.5mm² Arm | E67: Low Voltage Control Cable 12 conductors Uo/U= | F67: 0.6/1 kV | G67: SI | H67: 600 | I67: 48 | J67: 8% | K67: 648
A68: 55 | B68: 5.7 | C68: C515500IGELMCAN003 | D68: 2x0.52mm² Arm | E68: Instrument Cable Digital , No Intrinsically Safe , Ø 0,52mm2 / 20 AWG , Overall | F68: 0.6/1kV | G68: SI | H68: 30 | I68: 4.5 | J68: 15% | K68: 34.5
A69: 56 | B69: 5.8 | C69: XICAN_11335776 | D69: 4x0.52mm² Arm | E69: Instrument Cable - Analog - , Ø 0,52mm2 / 20 AWG - , Individual & Overall Shield | F69: 0.6/1kV | G69: SI | H69: 600 | I69: 48 | J69: 8% | K69: 648
A70: 57 | B70: 5.9 | C70: C515500IGELMCAN004 | D70: 12x0.52mm² Arm | E70: Instrument Cable Digital , No Intrinsically Safe , Ø 0,52mm2 / 20 AWG , Overall | F70: 0.6/1kV | G70: SI | H70: 370 | I70: 29.6 | J70: 8% | K70: 399.6
A71: 58 | B71: 5.10 | C71: XICAN_11335631 | D71: 24x1.31mm² Arm | E71: Instrument Cable - Analog - , Ø 1,31mm2 / 16 AWG - , Individual & Overall Shield | F71: 0.6/1kV | G71: SI | H71: 4430 | I71: 354.4 | J71: 8% | K71: 4784.4
A72: Subtotal CABLES DE COMANDO Y SEÑALES (10 tipos) | H72: 33690 | I72: 2703.3 | J72: 8% | K72: 36393.3
A74: ★ GRAN TOTAL — TODOS LOS TIPOS (58 ítems) — Rev 0 del LM emitida 11-JUN-2026
B75: Item | C75: Código | D75: Formación | E75: Descripción | F75: Tensión | G75: Armado | H75: Base (m) | I75: Surplus (m) | J75: Sur% | K75: TOTAL (m)
A76: CABLES DE MEDIA TENSIÓN | H76: 2394 | I76: 128.7 | J76: 5% | K76: 2522.7
A77: CABLES DE BAJA TENSIÓN SIN ARMAR | H77: 475 | I77: 54.5 | J77: 11% | K77: 529.5
A78: CABLES DE BAJA TENSIÓN ARMADOS | H78: 52155 | I78: 4184.1 | J78: 8% | K78: 56339.1
A79: CABLES DE BAJA TENSIÓN RESISTENTES AL FUEGO | H79: 7080 | I79: 663.4 | J79: 9% | K79: 7743.4
A80: CABLES DE COMANDO Y SEÑALES | H80: 33690 | I80: 2703.3 | J80: 8% | K80: 36393.3
A81: TOTAL GENERAL — TODOS LOS CABLES CPF-2 | H81: 95794 | I81: 7734 | J81: 8% | K81: 103528
A83: NOTAS Y METODOLOGÍA
A84: Documento de referencia | D84: ACAL-00102-LM-E-0012-0 — Listado de Materiales Cables — Rev 0, emitida 11-JUN-2026. Código AESA de referencia: 5155-00-0000-IG-EL-LM-001.
A85: ¿Qué es el LM? | D85: El Listado de Materiales (LM) es el documento oficial de ingeniería que especifica los tipos y cantidades de cables a adquirir para el proyecto CPF-2. Incluye el surplus aprobado por cada tipo de formación para cubrir errores de medición, reparaciones y remanentes en obra.
A86: Cant. Base vs Total | D86: Cant. Base = metros netos según planilla de cómputo de cables. Surplus = margen adicional por formación (entre 5% y 20% según tipo y sección). Total = Cant. Base + Surplus → cantidad a comprar/fabricar.
A87: Formación normalizada | D87: La columna FORMACIÓN traduce la especificación técnica del LM al formato NxSección usado en la hoja 1_Cables_Completo. Permite cruzar código de material con cada tramo del cable schedule. Ej: 3Ph+N 6mm² armado → '4x6mm² Arm' | 7 cond 2.5mm² armado → '7x2.5mm² Arm'.
A88: 5 Secciones del LM | D88: 1) MT: Media Tensión 6.6kV y 13.2kV | 2) BT Sin Arm: Baja Tensión no armados | 3) BT Armados: Baja Tensión con armadura de acero | 4) BT RF: Baja Tensión resistentes al fuego | 5) Control/Señal: cables de comando e instrumentación.
A89: Versión del documento | D89: Análisis Rev 3 | 13-JUN-2026. Incorpora LM ACAL-00102-LM-E-0012-0 Rev 0 como referencia. La columna Dif. del LM = 0 en todos los ítems → esta es la primera emisión.
